model,hw,task,ablation,operator,cycles,pct_of_total
bagel,base,GenEdit,all_on,img/attn,106820313600,10.496
bagel,base,GenEdit,all_on,img/drain,204800,0.0
bagel,base,GenEdit,all_on,img/ffn_down,201189542400,19.768
bagel,base,GenEdit,all_on,img/ffn_up,402379084800,39.536
bagel,base,GenEdit,all_on,img/omap,38062886400,3.74
bagel,base,GenEdit,all_on,img/prefetch,204800,0.0
bagel,base,GenEdit,all_on,img/qkv,56674598400,5.569
bagel,base,GenEdit,all_on,text/attn,22938490883,2.254
bagel,base,GenEdit,all_on,text/ffn_down,54632445728,5.368
bagel,base,GenEdit,all_on,text/ffn_up,111045375616,10.911
bagel,base,GenEdit,all_on,text/omap,10504292288,1.032
bagel,base,GenEdit,all_on,text/qkv,13505518656,1.327
bagel,base,GenEval,all_on,img/attn,31812211200,4.618
bagel,base,GenEval,all_on,img/drain,204800,0.0
bagel,base,GenEval,all_on,img/ffn_down,134126361600,19.47
bagel,base,GenEval,all_on,img/ffn_up,268252723200,38.941
bagel,base,GenEval,all_on,img/omap,25375257600,3.684
bagel,base,GenEval,all_on,img/prefetch,204800,0.0
bagel,base,GenEval,all_on,img/qkv,37783065600,5.485
bagel,base,GenEval,all_on,text/attn,1838097653,0.267
bagel,base,GenEval,all_on,text/ffn_down,54632445728,7.931
bagel,base,GenEval,all_on,text/ffn_up,111045375616,16.12
bagel,base,GenEval,all_on,text/omap,10504292288,1.525
bagel,base,GenEval,all_on,text/qkv,13505518656,1.961
bagel,base,MM,all_on,text/attn,22888164698,10.767
bagel,base,MM,all_on,text/ffn_down,54632445728,25.7
bagel,base,MM,all_on,text/ffn_up,111045375616,52.238
bagel,base,MM,all_on,text/omap,10504292288,4.941
bagel,base,MM,all_on,text/qkv,13505518656,6.353
bagel,figna,GenEdit,all_on,img/attn,192894732800,11.651
bagel,figna,GenEdit,all_on,img/drain,25600,0.0
bagel,figna,GenEdit,all_on,img/ffn_down,398878233600,24.093
bagel,figna,GenEdit,all_on,img/ffn_up,797756467200,48.186
bagel,figna,GenEdit,all_on,img/omap,75463449600,4.558
bagel,figna,GenEdit,all_on,img/prefetch,102400,0.0
bagel,figna,GenEdit,all_on,img/qkv,98267299200,5.936
bagel,figna,GenEdit,all_on,text/attn,24575843646,1.484
bagel,figna,GenEdit,all_on,text/ffn_down,15121958208,0.913
bagel,figna,GenEdit,all_on,text/ffn_up,43250530176,2.612
bagel,figna,GenEdit,all_on,text/omap,4091266368,0.247
bagel,figna,GenEdit,all_on,text/qkv,5260199616,0.318
bagel,figna,GenEval,all_on,img/attn,57115027200,5.489
bagel,figna,GenEval,all_on,img/drain,25600,0.0
bagel,figna,GenEval,all_on,img/ffn_down,265918822400,25.557
bagel,figna,GenEval,all_on,img/ffn_up,531837644800,51.115
bagel,figna,GenEval,all_on,img/omap,50308966400,4.835
bagel,figna,GenEval,all_on,img/prefetch,102400,0.0
bagel,figna,GenEval,all_on,img/qkv,65511532800,6.296
bagel,figna,GenEval,all_on,text/attn,2063273502,0.198
bagel,figna,GenEval,all_on,text/ffn_down,15121958208,1.453
bagel,figna,GenEval,all_on,text/ffn_up,43250530176,4.157
bagel,figna,GenEval,all_on,text/omap,4091266368,0.393
bagel,figna,GenEval,all_on,text/qkv,5260199616,0.506
bagel,figna,MM,all_on,text/attn,24515087541,26.578
bagel,figna,MM,all_on,text/ffn_down,15121958208,16.394
bagel,figna,MM,all_on,text/ffn_up,43250530176,46.89
bagel,figna,MM,all_on,text/omap,4091266368,4.436
bagel,figna,MM,all_on,text/qkv,5260199616,5.703
bagel,flightvgm,GenEdit,all_on,img/attn,106820313600,10.955
bagel,flightvgm,GenEdit,all_on,img/drain,204800,0.0
bagel,flightvgm,GenEdit,all_on,img/ffn_down,201189542400,20.633
bagel,flightvgm,GenEdit,all_on,img/ffn_up,359702515200,36.89
bagel,flightvgm,GenEdit,all_on,img/omap,38062886400,3.904
bagel,flightvgm,GenEdit,all_on,img/prefetch,204800,0.0
bagel,flightvgm,GenEdit,all_on,img/qkv,56674598400,5.812
bagel,flightvgm,GenEdit,all_on,text/attn,22938490883,2.352
bagel,flightvgm,GenEdit,all_on,text/ffn_down,54632445728,5.603
bagel,flightvgm,GenEdit,all_on,text/ffn_up,111045375616,11.388
bagel,flightvgm,GenEdit,all_on,text/omap,10504292288,1.077
bagel,flightvgm,GenEdit,all_on,text/qkv,13505518656,1.385
bagel,flightvgm,GenEval,all_on,img/attn,31812211200,4.639
bagel,flightvgm,GenEval,all_on,img/drain,204800,0.0
bagel,flightvgm,GenEval,all_on,img/ffn_down,134126361600,19.557
bagel,flightvgm,GenEval,all_on,img/ffn_up,265204396800,38.669
bagel,flightvgm,GenEval,all_on,img/omap,25375257600,3.7
bagel,flightvgm,GenEval,all_on,img/prefetch,204800,0.0
bagel,flightvgm,GenEval,all_on,img/qkv,37783065600,5.509
bagel,flightvgm,GenEval,all_on,text/attn,1838097653,0.268
bagel,flightvgm,GenEval,all_on,text/ffn_down,54632445728,7.966
bagel,flightvgm,GenEval,all_on,text/ffn_up,111045375616,16.191
bagel,flightvgm,GenEval,all_on,text/omap,10504292288,1.532
bagel,flightvgm,GenEval,all_on,text/qkv,13505518656,1.969
bagel,flightvgm,MM,all_on,text/attn,22888164698,10.767
bagel,flightvgm,MM,all_on,text/ffn_down,54632445728,25.7
bagel,flightvgm,MM,all_on,text/ffn_up,111045375616,52.238
bagel,flightvgm,MM,all_on,text/omap,10504292288,4.941
bagel,flightvgm,MM,all_on,text/qkv,13505518656,6.353
bagel,ours,GenEdit,all_on,img/attn,60167923200,8.449
bagel,ours,GenEdit,all_on,img/drain,25600,0.0
bagel,ours,GenEdit,all_on,img/ffn_down,201189542400,28.251
bagel,ours,GenEdit,all_on,img/ffn_up,234721132800,32.959
bagel,ours,GenEdit,all_on,img/omap,38062886400,5.345
bagel,ours,GenEdit,all_on,img/prefetch,102400,0.0
bagel,ours,GenEdit,all_on,img/qkv,50790499200,7.132
bagel,ours,GenEdit,all_on,text/attn,24575843646,3.451
bagel,ours,GenEdit,all_on,text/ffn_down,28334012448,3.979
bagel,ours,GenEdit,all_on,text/ffn_up,66280279744,9.307
bagel,ours,GenEdit,all_on,text/omap,3517469312,0.494
bagel,ours,GenEdit,all_on,text/qkv,4522460544,0.635
bagel,ours,GenEdit,alloff,img/attn,192894732800,10.803
bagel,ours,GenEdit,alloff,img/drain,25600,0.0
bagel,ours,GenEdit,alloff,img/ffn_down,398878233600,22.34
bagel,ours,GenEdit,alloff,img/ffn_up,797756467200,44.679
bagel,ours,GenEdit,alloff,img/omap,75463449600,4.226
bagel,ours,GenEdit,alloff,img/prefetch,102400,0.0
bagel,ours,GenEdit,alloff,img/qkv,103817246400,5.814
bagel,ours,GenEdit,alloff,text/attn,24575843646,1.376
bagel,ours,GenEdit,alloff,text/ffn_down,54804082144,3.069
bagel,ours,GenEdit,alloff,text/ffn_up,112916756288,6.324
bagel,ours,GenEdit,alloff,text/omap,10681314784,0.598
bagel,ours,GenEdit,alloff,text/qkv,13733119008,0.769
bagel,ours,GenEdit,allon_pure,img/attn,60167923200,7.347
bagel,ours,GenEdit,allon_pure,img/drain,25600,0.0
bagel,ours,GenEdit,allon_pure,img/ffn_down,201189542400,24.566
bagel,ours,GenEdit,allon_pure,img/ffn_up,234721132800,28.661
bagel,ours,GenEdit,allon_pure,img/omap,75463449600,9.215
bagel,ours,GenEdit,allon_pure,img/prefetch,102400,0.0
bagel,ours,GenEdit,allon_pure,img/qkv,103817246400,12.677
bagel,ours,GenEdit,allon_pure,text/attn,24575843646,3.001
bagel,ours,GenEdit,allon_pure,text/ffn_down,28334012448,3.46
bagel,ours,GenEdit,allon_pure,text/ffn_up,66280279744,8.093
bagel,ours,GenEdit,allon_pure,text/omap,10681314784,1.304
bagel,ours,GenEdit,allon_pure,text/qkv,13733119008,1.677
bagel,ours,GenEdit,noT3,img/attn,60167923200,4.557
bagel,ours,GenEdit,noT3,img/drain,25600,0.0
bagel,ours,GenEdit,noT3,img/ffn_down,398878233600,30.209
bagel,ours,GenEdit,noT3,img/ffn_up,465357939200,35.244
bagel,ours,GenEdit,noT3,img/omap,75463449600,5.715
bagel,ours,GenEdit,noT3,img/prefetch,102400,0.0
bagel,ours,GenEdit,noT3,img/qkv,103817246400,7.863
bagel,ours,GenEdit,noT3,text/attn,24575843646,1.861
bagel,ours,GenEdit,noT3,text/ffn_down,54804082144,4.151
bagel,ours,GenEdit,noT3,text/ffn_up,112916756288,8.552
bagel,ours,GenEdit,noT3,text/omap,10681314784,0.809
bagel,ours,GenEdit,noT3,text/qkv,13733119008,1.04
bagel,ours,GenEdit,onlyT1,img/attn,60167923200,3.64
bagel,ours,GenEdit,onlyT1,img/drain,25600,0.0
bagel,ours,GenEdit,onlyT1,img/ffn_down,398878233600,24.134
bagel,ours,GenEdit,onlyT1,img/ffn_up,797756467200,48.267
bagel,ours,GenEdit,onlyT1,img/omap,75463449600,4.566
bagel,ours,GenEdit,onlyT1,img/prefetch,102400,0.0
bagel,ours,GenEdit,onlyT1,img/qkv,103817246400,6.281
bagel,ours,GenEdit,onlyT1,text/attn,24575843646,1.487
bagel,ours,GenEdit,onlyT1,text/ffn_down,54804082144,3.316
bagel,ours,GenEdit,onlyT1,text/ffn_up,112916756288,6.832
bagel,ours,GenEdit,onlyT1,text/omap,10681314784,0.646
bagel,ours,GenEdit,onlyT1,text/qkv,13733119008,0.831
bagel,ours,GenEdit,onlyT2,img/attn,192894732800,13.274
bagel,ours,GenEdit,onlyT2,img/drain,25600,0.0
bagel,ours,GenEdit,onlyT2,img/ffn_down,398878233600,27.45
bagel,ours,GenEdit,onlyT2,img/ffn_up,465357939200,32.025
bagel,ours,GenEdit,onlyT2,img/omap,75463449600,5.193
bagel,ours,GenEdit,onlyT2,img/prefetch,102400,0.0
bagel,ours,GenEdit,onlyT2,img/qkv,103817246400,7.144
bagel,ours,GenEdit,onlyT2,text/attn,24575843646,1.691
bagel,ours,GenEdit,onlyT2,text/ffn_down,54804082144,3.771
bagel,ours,GenEdit,onlyT2,text/ffn_up,112916756288,7.771
bagel,ours,GenEdit,onlyT2,text/omap,10681314784,0.735
bagel,ours,GenEdit,onlyT2,text/qkv,13733119008,0.945
bagel,ours,GenEdit,onlyT3,img/attn,192894732800,17.233
bagel,ours,GenEdit,onlyT3,img/drain,25600,0.0
bagel,ours,GenEdit,onlyT3,img/ffn_down,201189542400,17.974
bagel,ours,GenEdit,onlyT3,img/ffn_up,402379084800,35.948
bagel,ours,GenEdit,onlyT3,img/omap,75463449600,6.742
bagel,ours,GenEdit,onlyT3,img/prefetch,102400,0.0
bagel,ours,GenEdit,onlyT3,img/qkv,103817246400,9.275
bagel,ours,GenEdit,onlyT3,text/attn,24575843646,2.196
bagel,ours,GenEdit,onlyT3,text/ffn_down,28334012448,2.531
bagel,ours,GenEdit,onlyT3,text/ffn_up,66280279744,5.921
bagel,ours,GenEdit,onlyT3,text/omap,10681314784,0.954
bagel,ours,GenEdit,onlyT3,text/qkv,13733119008,1.227
bagel,ours,GenEval,all_on,img/attn,29142220800,5.36
bagel,ours,GenEval,all_on,img/drain,25600,0.0
bagel,ours,GenEval,all_on,img/ffn_down,134126361600,24.671
bagel,ours,GenEval,all_on,img/ffn_up,216431174400,39.811
bagel,ours,GenEval,all_on,img/omap,25375257600,4.668
bagel,ours,GenEval,all_on,img/prefetch,102400,0.0
bagel,ours,GenEval,all_on,img/qkv,33860332800,6.228
bagel,ours,GenEval,all_on,text/attn,2063273502,0.38
bagel,ours,GenEval,all_on,text/ffn_down,28334012448,5.212
bagel,ours,GenEval,all_on,text/ffn_up,66280279744,12.192
bagel,ours,GenEval,all_on,text/omap,3517469312,0.647
bagel,ours,GenEval,all_on,text/qkv,4522460544,0.832
bagel,ours,GenEval,alloff,img/attn,57115027200,4.888
bagel,ours,GenEval,alloff,img/drain,25600,0.0
bagel,ours,GenEval,alloff,img/ffn_down,265918822400,22.756
bagel,ours,GenEval,alloff,img/ffn_up,531837644800,45.511
bagel,ours,GenEval,alloff,img/omap,50308966400,4.305
bagel,ours,GenEval,alloff,img/prefetch,102400,0.0
bagel,ours,GenEval,alloff,img/qkv,69211497600,5.923
bagel,ours,GenEval,alloff,text/attn,2063273502,0.177
bagel,ours,GenEval,alloff,text/ffn_down,54804082144,4.69
bagel,ours,GenEval,alloff,text/ffn_up,112916756288,9.663
bagel,ours,GenEval,alloff,text/omap,10681314784,0.914
bagel,ours,GenEval,alloff,text/qkv,13733119008,1.175
bagel,ours,GenEval,allon_pure,img/attn,29142220800,4.698
bagel,ours,GenEval,allon_pure,img/drain,25600,0.0
bagel,ours,GenEval,allon_pure,img/ffn_down,134126361600,21.622
bagel,ours,GenEval,allon_pure,img/ffn_up,216431174400,34.891
bagel,ours,GenEval,allon_pure,img/omap,50308966400,8.11
bagel,ours,GenEval,allon_pure,img/prefetch,102400,0.0
bagel,ours,GenEval,allon_pure,img/qkv,69211497600,11.158
bagel,ours,GenEval,allon_pure,text/attn,2063273502,0.333
bagel,ours,GenEval,allon_pure,text/ffn_down,28334012448,4.568
bagel,ours,GenEval,allon_pure,text/ffn_up,66280279744,10.685
bagel,ours,GenEval,allon_pure,text/omap,10681314784,1.722
bagel,ours,GenEval,allon_pure,text/qkv,13733119008,2.214
bagel,ours,GenEval,noT3,img/attn,29142220800,2.808
bagel,ours,GenEval,noT3,img/drain,25600,0.0
bagel,ours,GenEval,noT3,img/ffn_down,265918822400,25.621
bagel,ours,GenEval,noT3,img/ffn_up,429096281600,41.344
bagel,ours,GenEval,noT3,img/omap,50308966400,4.847
bagel,ours,GenEval,noT3,img/prefetch,102400,0.0
bagel,ours,GenEval,noT3,img/qkv,69211497600,6.669
bagel,ours,GenEval,noT3,text/attn,2063273502,0.199
bagel,ours,GenEval,noT3,text/ffn_down,54804082144,5.28
bagel,ours,GenEval,noT3,text/ffn_up,112916756288,10.88
bagel,ours,GenEval,noT3,text/omap,10681314784,1.029
bagel,ours,GenEval,noT3,text/qkv,13733119008,1.323
bagel,ours,GenEval,onlyT1,img/attn,29142220800,2.555
bagel,ours,GenEval,onlyT1,img/drain,25600,0.0
bagel,ours,GenEval,onlyT1,img/ffn_down,265918822400,23.314
bagel,ours,GenEval,onlyT1,img/ffn_up,531837644800,46.627
bagel,ours,GenEval,onlyT1,img/omap,50308966400,4.411
bagel,ours,GenEval,onlyT1,img/prefetch,102400,0.0
bagel,ours,GenEval,onlyT1,img/qkv,69211497600,6.068
bagel,ours,GenEval,onlyT1,text/attn,2063273502,0.181
bagel,ours,GenEval,onlyT1,text/ffn_down,54804082144,4.805
bagel,ours,GenEval,onlyT1,text/ffn_up,112916756288,9.9
bagel,ours,GenEval,onlyT1,text/omap,10681314784,0.936
bagel,ours,GenEval,onlyT1,text/qkv,13733119008,1.204
bagel,ours,GenEval,onlyT2,img/attn,57115027200,5.359
bagel,ours,GenEval,onlyT2,img/drain,25600,0.0
bagel,ours,GenEval,onlyT2,img/ffn_down,265918822400,24.949
bagel,ours,GenEval,onlyT2,img/ffn_up,429096281600,40.259
bagel,ours,GenEval,onlyT2,img/omap,50308966400,4.72
bagel,ours,GenEval,onlyT2,img/prefetch,102400,0.0
bagel,ours,GenEval,onlyT2,img/qkv,69211497600,6.494
bagel,ours,GenEval,onlyT2,text/attn,2063273502,0.194
bagel,ours,GenEval,onlyT2,text/ffn_down,54804082144,5.142
bagel,ours,GenEval,onlyT2,text/ffn_up,112916756288,10.594
bagel,ours,GenEval,onlyT2,text/omap,10681314784,1.002
bagel,ours,GenEval,onlyT2,text/qkv,13733119008,1.288
bagel,ours,GenEval,onlyT3,img/attn,57115027200,8.158
bagel,ours,GenEval,onlyT3,img/drain,25600,0.0
bagel,ours,GenEval,onlyT3,img/ffn_down,134126361600,19.158
bagel,ours,GenEval,onlyT3,img/ffn_up,268252723200,38.316
bagel,ours,GenEval,onlyT3,img/omap,50308966400,7.186
bagel,ours,GenEval,onlyT3,img/prefetch,102400,0.0
bagel,ours,GenEval,onlyT3,img/qkv,69211497600,9.886
bagel,ours,GenEval,onlyT3,text/attn,2063273502,0.295
bagel,ours,GenEval,onlyT3,text/ffn_down,28334012448,4.047
bagel,ours,GenEval,onlyT3,text/ffn_up,66280279744,9.467
bagel,ours,GenEval,onlyT3,text/omap,10681314784,1.526
bagel,ours,GenEval,onlyT3,text/qkv,13733119008,1.962
bagel,ours,MM,all_on,text/attn,24515087541,19.278
bagel,ours,MM,all_on,text/ffn_down,28334012448,22.281
bagel,ours,MM,all_on,text/ffn_up,66280279744,52.12
bagel,ours,MM,all_on,text/omap,3517469312,2.766
bagel,ours,MM,all_on,text/qkv,4522460544,3.556
bagel,ours,MM,alloff,text/attn,24515087541,11.316
bagel,ours,MM,alloff,text/ffn_down,54804082144,25.296
bagel,ours,MM,alloff,text/ffn_up,112916756288,52.119
bagel,ours,MM,alloff,text/omap,10681314784,4.93
bagel,ours,MM,alloff,text/qkv,13733119008,6.339
bagel,ours,MM,allon_pure,text/attn,24515087541,17.078
bagel,ours,MM,allon_pure,text/ffn_down,28334012448,19.739
bagel,ours,MM,allon_pure,text/ffn_up,66280279744,46.174
bagel,ours,MM,allon_pure,text/omap,10681314784,7.441
bagel,ours,MM,allon_pure,text/qkv,13733119008,9.567
bagel,ours,MM,noT3,text/attn,24515087541,11.316
bagel,ours,MM,noT3,text/ffn_down,54804082144,25.296
bagel,ours,MM,noT3,text/ffn_up,112916756288,52.119
bagel,ours,MM,noT3,text/omap,10681314784,4.93
bagel,ours,MM,noT3,text/qkv,13733119008,6.339
bagel,ours,MM,onlyT1,text/attn,24515087541,11.316
bagel,ours,MM,onlyT1,text/ffn_down,54804082144,25.296
bagel,ours,MM,onlyT1,text/ffn_up,112916756288,52.119
bagel,ours,MM,onlyT1,text/omap,10681314784,4.93
bagel,ours,MM,onlyT1,text/qkv,13733119008,6.339
bagel,ours,MM,onlyT2,text/attn,24515087541,11.316
bagel,ours,MM,onlyT2,text/ffn_down,54804082144,25.296
bagel,ours,MM,onlyT2,text/ffn_up,112916756288,52.119
bagel,ours,MM,onlyT2,text/omap,10681314784,4.93
bagel,ours,MM,onlyT2,text/qkv,13733119008,6.339
bagel,ours,MM,onlyT3,text/attn,24515087541,17.078
bagel,ours,MM,onlyT3,text/ffn_down,28334012448,19.739
bagel,ours,MM,onlyT3,text/ffn_up,66280279744,46.174
bagel,ours,MM,onlyT3,text/omap,10681314784,7.441
bagel,ours,MM,onlyT3,text/qkv,13733119008,9.567
bagel,sdma,GenEdit,all_on,img/attn,96078259200,9.541
bagel,sdma,GenEdit,all_on,img/drain,204800,0.0
bagel,sdma,GenEdit,all_on,img/ffn_down,201189542400,19.979
bagel,sdma,GenEdit,all_on,img/ffn_up,402379084800,39.958
bagel,sdma,GenEdit,all_on,img/omap,38062886400,3.78
bagel,sdma,GenEdit,all_on,img/prefetch,204800,0.0
bagel,sdma,GenEdit,all_on,img/qkv,56674598400,5.628
bagel,sdma,GenEdit,all_on,text/attn,22938490883,2.278
bagel,sdma,GenEdit,all_on,text/ffn_down,54632445728,5.425
bagel,sdma,GenEdit,all_on,text/ffn_up,111045375616,11.027
bagel,sdma,GenEdit,all_on,text/omap,10504292288,1.043
bagel,sdma,GenEdit,all_on,text/qkv,13505518656,1.341
bagel,sdma,GenEval,all_on,img/attn,28769664000,4.195
bagel,sdma,GenEval,all_on,img/drain,204800,0.0
bagel,sdma,GenEval,all_on,img/ffn_down,134126361600,19.557
bagel,sdma,GenEval,all_on,img/ffn_up,268252723200,39.113
bagel,sdma,GenEval,all_on,img/omap,25375257600,3.7
bagel,sdma,GenEval,all_on,img/prefetch,204800,0.0
bagel,sdma,GenEval,all_on,img/qkv,37783065600,5.509
bagel,sdma,GenEval,all_on,text/attn,1838097653,0.268
bagel,sdma,GenEval,all_on,text/ffn_down,54632445728,7.966
bagel,sdma,GenEval,all_on,text/ffn_up,111045375616,16.191
bagel,sdma,GenEval,all_on,text/omap,10504292288,1.532
bagel,sdma,GenEval,all_on,text/qkv,13505518656,1.969
bagel,sdma,MM,all_on,text/attn,22888164698,10.767
bagel,sdma,MM,all_on,text/ffn_down,54632445728,25.7
bagel,sdma,MM,all_on,text/ffn_up,111045375616,52.238
bagel,sdma,MM,all_on,text/omap,10504292288,4.941
bagel,sdma,MM,all_on,text/qkv,13505518656,6.353
janus,base,GenEval,all_on,img/attn,9520957440,9.212
janus,base,GenEval,all_on,img/drain,122880,0.0
janus,base,GenEval,all_on,img/ffn_down,13028843520,12.607
janus,base,GenEval,all_on,img/ffn_up,26057687040,25.213
janus,base,GenEval,all_on,img/omap,4737761280,4.584
janus,base,GenEval,all_on,img/prefetch,122880,0.0
janus,base,GenEval,all_on,img/qkv,12732733440,12.32
janus,base,GenEval,all_on,text/attn,900292728,0.871
janus,base,GenEval,all_on,text/ffn_down,8026798080,7.767
janus,base,GenEval,all_on,text/ffn_up,16409209344,15.878
janus,base,GenEval,all_on,text/omap,2983492608,2.887
janus,base,GenEval,all_on,text/qkv,8950477824,8.66
janus,base,MM,all_on,text/attn,5577705192,13.297
janus,base,MM,all_on,text/ffn_down,8026798080,19.135
janus,base,MM,all_on,text/ffn_up,16409209344,39.118
janus,base,MM,all_on,text/omap,2983492608,7.112
janus,base,MM,all_on,text/qkv,8950477824,21.337
janus,figna,GenEval,all_on,img/attn,17189867520,11.176
janus,figna,GenEval,all_on,img/drain,15360,0.0
janus,figna,GenEval,all_on,img/ffn_down,25668403200,16.688
janus,figna,GenEval,all_on,img/ffn_up,51336806400,33.376
janus,figna,GenEval,all_on,img/omap,9333964800,6.068
janus,figna,GenEval,all_on,img/prefetch,61440,0.0
janus,figna,GenEval,all_on,img/qkv,25085030400,16.309
janus,figna,GenEval,all_on,text/attn,1009496832,0.656
janus,figna,GenEval,all_on,text/ffn_down,3444277248,2.239
janus,figna,GenEval,all_on,text/ffn_up,12009947136,7.808
janus,figna,GenEval,all_on,text/omap,2183626752,1.42
janus,figna,GenEval,all_on,text/qkv,6550880256,4.259
janus,figna,MM,all_on,text/attn,6299394816,20.662
janus,figna,MM,all_on,text/ffn_down,3444277248,11.297
janus,figna,MM,all_on,text/ffn_up,12009947136,39.392
janus,figna,MM,all_on,text/omap,2183626752,7.162
janus,figna,MM,all_on,text/qkv,6550880256,21.487
janus,flightvgm,GenEval,all_on,img/attn,9520957440,9.385
janus,flightvgm,GenEval,all_on,img/drain,122880,0.0
janus,flightvgm,GenEval,all_on,img/ffn_down,13028843520,12.843
janus,flightvgm,GenEval,all_on,img/ffn_up,24157647360,23.813
janus,flightvgm,GenEval,all_on,img/omap,4737761280,4.67
janus,flightvgm,GenEval,all_on,img/prefetch,122880,0.0
janus,flightvgm,GenEval,all_on,img/qkv,12732733440,12.551
janus,flightvgm,GenEval,all_on,text/attn,900292728,0.887
janus,flightvgm,GenEval,all_on,text/ffn_down,8026798080,7.912
janus,flightvgm,GenEval,all_on,text/ffn_up,16409209344,16.175
janus,flightvgm,GenEval,all_on,text/omap,2983492608,2.941
janus,flightvgm,GenEval,all_on,text/qkv,8950477824,8.823
janus,flightvgm,MM,all_on,text/attn,5577705192,13.297
janus,flightvgm,MM,all_on,text/ffn_down,8026798080,19.135
janus,flightvgm,MM,all_on,text/ffn_up,16409209344,39.118
janus,flightvgm,MM,all_on,text/omap,2983492608,7.112
janus,flightvgm,MM,all_on,text/qkv,8950477824,21.337
janus,ours,GenEval,all_on,img/attn,9347235840,10.152
janus,ours,GenEval,all_on,img/drain,15360,0.0
janus,ours,GenEval,all_on,img/ffn_down,13028843520,14.151
janus,ours,GenEval,all_on,img/ffn_up,24429081600,26.533
janus,ours,GenEval,all_on,img/omap,4737761280,5.146
janus,ours,GenEval,all_on,img/prefetch,61440,0.0
janus,ours,GenEval,all_on,img/qkv,12732733440,13.829
janus,ours,GenEval,all_on,text/attn,1010582940,1.098
janus,ours,GenEval,all_on,text/ffn_down,4511820288,4.9
janus,ours,GenEval,all_on,text/ffn_up,17880466560,19.42
janus,ours,GenEval,all_on,text/omap,1098144768,1.193
janus,ours,GenEval,all_on,text/qkv,3294434304,3.578
janus,ours,GenEval,alloff,img/attn,17189867520,8.848
janus,ours,GenEval,alloff,img/drain,15360,0.0
janus,ours,GenEval,alloff,img/ffn_down,25668403200,13.211
janus,ours,GenEval,alloff,img/ffn_up,51336806400,26.423
janus,ours,GenEval,alloff,img/omap,9333964800,4.804
janus,ours,GenEval,alloff,img/prefetch,61440,0.0
janus,ours,GenEval,alloff,img/qkv,25085030400,12.911
janus,ours,GenEval,alloff,text/attn,1010582940,0.52
janus,ours,GenEval,alloff,text/ffn_down,8113151232,4.176
janus,ours,GenEval,alloff,text/ffn_up,32740067712,16.851
janus,ours,GenEval,alloff,text/omap,5952739584,3.064
janus,ours,GenEval,alloff,text/qkv,17858218752,9.192
janus,ours,GenEval,allon_pure,img/attn,9347235840,7.278
janus,ours,GenEval,allon_pure,img/drain,15360,0.0
janus,ours,GenEval,allon_pure,img/ffn_down,13028843520,10.144
janus,ours,GenEval,allon_pure,img/ffn_up,24429081600,19.02
janus,ours,GenEval,allon_pure,img/omap,9333964800,7.267
janus,ours,GenEval,allon_pure,img/prefetch,61440,0.0
janus,ours,GenEval,allon_pure,img/qkv,25085030400,19.531
janus,ours,GenEval,allon_pure,text/attn,1010582940,0.787
janus,ours,GenEval,allon_pure,text/ffn_down,4511820288,3.513
janus,ours,GenEval,allon_pure,text/ffn_up,17880466560,13.921
janus,ours,GenEval,allon_pure,text/omap,5952739584,4.635
janus,ours,GenEval,allon_pure,text/qkv,17858218752,13.904
janus,ours,GenEval,noT3,img/attn,9347235840,5.101
janus,ours,GenEval,noT3,img/drain,15360,0.0
janus,ours,GenEval,noT3,img/ffn_down,25668403200,14.008
janus,ours,GenEval,noT3,img/ffn_up,48128256000,26.265
janus,ours,GenEval,noT3,img/omap,9333964800,5.094
janus,ours,GenEval,noT3,img/prefetch,61440,0.0
janus,ours,GenEval,noT3,img/qkv,25085030400,13.69
janus,ours,GenEval,noT3,text/attn,1010582940,0.552
janus,ours,GenEval,noT3,text/ffn_down,8113151232,4.428
janus,ours,GenEval,noT3,text/ffn_up,32740067712,17.868
janus,ours,GenEval,noT3,text/omap,5952739584,3.249
janus,ours,GenEval,noT3,text/qkv,17858218752,9.746
janus,ours,GenEval,onlyT1,img/attn,9347235840,5.013
janus,ours,GenEval,onlyT1,img/drain,15360,0.0
janus,ours,GenEval,onlyT1,img/ffn_down,25668403200,13.767
janus,ours,GenEval,onlyT1,img/ffn_up,51336806400,27.534
janus,ours,GenEval,onlyT1,img/omap,9333964800,5.006
janus,ours,GenEval,onlyT1,img/prefetch,61440,0.0
janus,ours,GenEval,onlyT1,img/qkv,25085030400,13.454
janus,ours,GenEval,onlyT1,text/attn,1010582940,0.542
janus,ours,GenEval,onlyT1,text/ffn_down,8113151232,4.351
janus,ours,GenEval,onlyT1,text/ffn_up,32740067712,17.56
janus,ours,GenEval,onlyT1,text/omap,5952739584,3.193
janus,ours,GenEval,onlyT1,text/qkv,17858218752,9.578
janus,ours,GenEval,onlyT2,img/attn,17189867520,8.996
janus,ours,GenEval,onlyT2,img/drain,15360,0.0
janus,ours,GenEval,onlyT2,img/ffn_down,25668403200,13.433
janus,ours,GenEval,onlyT2,img/ffn_up,48128256000,25.187
janus,ours,GenEval,onlyT2,img/omap,9333964800,4.885
janus,ours,GenEval,onlyT2,img/prefetch,61440,0.0
janus,ours,GenEval,onlyT2,img/qkv,25085030400,13.128
janus,ours,GenEval,onlyT2,text/attn,1010582940,0.529
janus,ours,GenEval,onlyT2,text/ffn_down,8113151232,4.246
janus,ours,GenEval,onlyT2,text/ffn_up,32740067712,17.134
janus,ours,GenEval,onlyT2,text/omap,5952739584,3.115
janus,ours,GenEval,onlyT2,text/qkv,17858218752,9.346
janus,ours,GenEval,onlyT3,img/attn,17189867520,12.465
janus,ours,GenEval,onlyT3,img/drain,15360,0.0
janus,ours,GenEval,onlyT3,img/ffn_down,13028843520,9.447
janus,ours,GenEval,onlyT3,img/ffn_up,26057687040,18.895
janus,ours,GenEval,onlyT3,img/omap,9333964800,6.768
janus,ours,GenEval,onlyT3,img/prefetch,61440,0.0
janus,ours,GenEval,onlyT3,img/qkv,25085030400,18.19
janus,ours,GenEval,onlyT3,text/attn,1010582940,0.733
janus,ours,GenEval,onlyT3,text/ffn_down,4511820288,3.272
janus,ours,GenEval,onlyT3,text/ffn_up,17880466560,12.965
janus,ours,GenEval,onlyT3,text/omap,5952739584,4.316
janus,ours,GenEval,onlyT3,text/qkv,17858218752,12.949
janus,ours,MM,all_on,text/attn,5974702740,18.238
janus,ours,MM,all_on,text/ffn_down,4511820288,13.773
janus,ours,MM,all_on,text/ffn_up,17880466560,54.581
janus,ours,MM,all_on,text/omap,1098144768,3.352
janus,ours,MM,all_on,text/qkv,3294434304,10.056
janus,ours,MM,alloff,text/attn,5974702740,8.458
janus,ours,MM,alloff,text/ffn_down,8113151232,11.485
janus,ours,MM,alloff,text/ffn_up,32740067712,46.349
janus,ours,MM,alloff,text/omap,5952739584,8.427
janus,ours,MM,alloff,text/qkv,17858218752,25.281
janus,ours,MM,allon_pure,text/attn,5974702740,11.451
janus,ours,MM,allon_pure,text/ffn_down,4511820288,8.647
janus,ours,MM,allon_pure,text/ffn_up,17880466560,34.268
janus,ours,MM,allon_pure,text/omap,5952739584,11.409
janus,ours,MM,allon_pure,text/qkv,17858218752,34.226
janus,ours,MM,noT3,text/attn,5974702740,8.458
janus,ours,MM,noT3,text/ffn_down,8113151232,11.485
janus,ours,MM,noT3,text/ffn_up,32740067712,46.349
janus,ours,MM,noT3,text/omap,5952739584,8.427
janus,ours,MM,noT3,text/qkv,17858218752,25.281
janus,ours,MM,onlyT1,text/attn,5974702740,8.458
janus,ours,MM,onlyT1,text/ffn_down,8113151232,11.485
janus,ours,MM,onlyT1,text/ffn_up,32740067712,46.349
janus,ours,MM,onlyT1,text/omap,5952739584,8.427
janus,ours,MM,onlyT1,text/qkv,17858218752,25.281
janus,ours,MM,onlyT2,text/attn,5974702740,8.458
janus,ours,MM,onlyT2,text/ffn_down,8113151232,11.485
janus,ours,MM,onlyT2,text/ffn_up,32740067712,46.349
janus,ours,MM,onlyT2,text/omap,5952739584,8.427
janus,ours,MM,onlyT2,text/qkv,17858218752,25.281
janus,ours,MM,onlyT3,text/attn,5974702740,11.451
janus,ours,MM,onlyT3,text/ffn_down,4511820288,8.647
janus,ours,MM,onlyT3,text/ffn_up,17880466560,34.268
janus,ours,MM,onlyT3,text/omap,5952739584,11.409
janus,ours,MM,onlyT3,text/qkv,17858218752,34.226
janus,sdma,GenEval,all_on,img/attn,8691148800,8.478
janus,sdma,GenEval,all_on,img/drain,122880,0.0
janus,sdma,GenEval,all_on,img/ffn_down,13028843520,12.709
janus,sdma,GenEval,all_on,img/ffn_up,26057687040,25.417
janus,sdma,GenEval,all_on,img/omap,4737761280,4.621
janus,sdma,GenEval,all_on,img/prefetch,122880,0.0
janus,sdma,GenEval,all_on,img/qkv,12732733440,12.42
janus,sdma,GenEval,all_on,text/attn,900292728,0.878
janus,sdma,GenEval,all_on,text/ffn_down,8026798080,7.83
janus,sdma,GenEval,all_on,text/ffn_up,16409209344,16.006
janus,sdma,GenEval,all_on,text/omap,2983492608,2.91
janus,sdma,GenEval,all_on,text/qkv,8950477824,8.731
janus,sdma,MM,all_on,text/attn,5577705192,13.297
janus,sdma,MM,all_on,text/ffn_down,8026798080,19.135
janus,sdma,MM,all_on,text/ffn_up,16409209344,39.118
janus,sdma,MM,all_on,text/omap,2983492608,7.112
janus,sdma,MM,all_on,text/qkv,8950477824,21.337
