model,hw,task,ablation,stage,qkvo,attn,ffn_up,ffn_down,misc,stage_total
bagel,base,GenEdit,all_on,text,24009810944,22938490883,111045375616,54632445728,0,212626123171
bagel,base,GenEdit,all_on,image,94737484800,106820313600,402379084800,201189542400,204800,805126630400
bagel,base,GenEval,all_on,text,24009810944,1838097653,111045375616,54632445728,0,191525729941
bagel,base,GenEval,all_on,image,63158323200,31812211200,268252723200,134126361600,204800,497349824000
bagel,base,MM,all_on,text,24009810944,22888164698,111045375616,54632445728,0,212575796986
bagel,figna,GenEdit,all_on,text,9351465984,24575843646,43250530176,15121958208,0,92299798014
bagel,figna,GenEdit,all_on,image,173730748800,192894732800,797756467200,398878233600,25600,1563260208000
bagel,figna,GenEval,all_on,text,9351465984,2063273502,43250530176,15121958208,0,69787227870
bagel,figna,GenEval,all_on,image,115820499200,57115027200,531837644800,265918822400,25600,970692019200
bagel,figna,MM,all_on,text,9351465984,24515087541,43250530176,15121958208,0,92239041909
bagel,flightvgm,GenEdit,all_on,text,24009810944,22938490883,111045375616,54632445728,0,212626123171
bagel,flightvgm,GenEdit,all_on,image,94737484800,106820313600,359702515200,201189542400,204800,762450060800
bagel,flightvgm,GenEval,all_on,text,24009810944,1838097653,111045375616,54632445728,0,191525729941
bagel,flightvgm,GenEval,all_on,image,63158323200,31812211200,265204396800,134126361600,204800,494301497600
bagel,flightvgm,MM,all_on,text,24009810944,22888164698,111045375616,54632445728,0,212575796986
bagel,ours,GenEdit,all_on,text,8039929856,24575843646,66280279744,28334012448,0,127230065694
bagel,ours,GenEdit,all_on,image,88853385600,60167923200,234721132800,201189542400,25600,584932009600
bagel,ours,GenEdit,alloff,text,24414433792,24575843646,112916756288,54804082144,0,216711115870
bagel,ours,GenEdit,alloff,image,179280696000,192894732800,797756467200,398878233600,25600,1568810155200
bagel,ours,GenEdit,allon_pure,text,24414433792,24575843646,66280279744,28334012448,0,143604569630
bagel,ours,GenEdit,allon_pure,image,179280696000,60167923200,234721132800,201189542400,25600,675359320000
bagel,ours,GenEdit,noT3,text,24414433792,24575843646,112916756288,54804082144,0,216711115870
bagel,ours,GenEdit,noT3,image,179280696000,60167923200,465357939200,398878233600,25600,1103684817600
bagel,ours,GenEdit,onlyT1,text,24414433792,24575843646,112916756288,54804082144,0,216711115870
bagel,ours,GenEdit,onlyT1,image,179280696000,60167923200,797756467200,398878233600,25600,1436083345600
bagel,ours,GenEdit,onlyT2,text,24414433792,24575843646,112916756288,54804082144,0,216711115870
bagel,ours,GenEdit,onlyT2,image,179280696000,192894732800,465357939200,398878233600,25600,1236411627200
bagel,ours,GenEdit,onlyT3,text,24414433792,24575843646,66280279744,28334012448,0,143604569630
bagel,ours,GenEdit,onlyT3,image,179280696000,192894732800,402379084800,201189542400,25600,975744081600
bagel,ours,GenEval,all_on,text,8039929856,2063273502,66280279744,28334012448,0,104717495550
bagel,ours,GenEval,all_on,image,59235590400,29142220800,216431174400,134126361600,25600,438935372800
bagel,ours,GenEval,alloff,text,24414433792,2063273502,112916756288,54804082144,0,194198545726
bagel,ours,GenEval,alloff,image,119520464000,57115027200,531837644800,265918822400,25600,974391984000
bagel,ours,GenEval,allon_pure,text,24414433792,2063273502,66280279744,28334012448,0,121091999486
bagel,ours,GenEval,allon_pure,image,119520464000,29142220800,216431174400,134126361600,25600,499220246400
bagel,ours,GenEval,noT3,text,24414433792,2063273502,112916756288,54804082144,0,194198545726
bagel,ours,GenEval,noT3,image,119520464000,29142220800,429096281600,265918822400,25600,843677814400
bagel,ours,GenEval,onlyT1,text,24414433792,2063273502,112916756288,54804082144,0,194198545726
bagel,ours,GenEval,onlyT1,image,119520464000,29142220800,531837644800,265918822400,25600,946419177600
bagel,ours,GenEval,onlyT2,text,24414433792,2063273502,112916756288,54804082144,0,194198545726
bagel,ours,GenEval,onlyT2,image,119520464000,57115027200,429096281600,265918822400,25600,871650620800
bagel,ours,GenEval,onlyT3,text,24414433792,2063273502,66280279744,28334012448,0,121091999486
bagel,ours,GenEval,onlyT3,image,119520464000,57115027200,268252723200,134126361600,25600,579014601600
bagel,ours,MM,all_on,text,8039929856,24515087541,66280279744,28334012448,0,127169309589
bagel,ours,MM,alloff,text,24414433792,24515087541,112916756288,54804082144,0,216650359765
bagel,ours,MM,allon_pure,text,24414433792,24515087541,66280279744,28334012448,0,143543813525
bagel,ours,MM,noT3,text,24414433792,24515087541,112916756288,54804082144,0,216650359765
bagel,ours,MM,onlyT1,text,24414433792,24515087541,112916756288,54804082144,0,216650359765
bagel,ours,MM,onlyT2,text,24414433792,24515087541,112916756288,54804082144,0,216650359765
bagel,ours,MM,onlyT3,text,24414433792,24515087541,66280279744,28334012448,0,143543813525
bagel,sdma,GenEdit,all_on,text,24009810944,22938490883,111045375616,54632445728,0,212626123171
bagel,sdma,GenEdit,all_on,image,94737484800,96078259200,402379084800,201189542400,204800,794384576000
bagel,sdma,GenEval,all_on,text,24009810944,1838097653,111045375616,54632445728,0,191525729941
bagel,sdma,GenEval,all_on,image,63158323200,28769664000,268252723200,134126361600,204800,494307276800
bagel,sdma,MM,all_on,text,24009810944,22888164698,111045375616,54632445728,0,212575796986
janus,base,GenEval,all_on,text,11933970432,900292728,16409209344,8026798080,0,37270270584
janus,base,GenEval,all_on,image,17470494720,9520957440,26057687040,13028843520,122880,66078105600
janus,base,MM,all_on,text,11933970432,5577705192,16409209344,8026798080,0,41947683048
janus,figna,GenEval,all_on,text,8734507008,1009496832,12009947136,3444277248,0,25198228224
janus,figna,GenEval,all_on,image,34418995200,17189867520,51336806400,25668403200,15360,128614087680
janus,figna,MM,all_on,text,8734507008,6299394816,12009947136,3444277248,0,30488126208
janus,flightvgm,GenEval,all_on,text,11933970432,900292728,16409209344,8026798080,0,37270270584
janus,flightvgm,GenEval,all_on,image,17470494720,9520957440,24157647360,13028843520,122880,64178065920
janus,flightvgm,MM,all_on,text,11933970432,5577705192,16409209344,8026798080,0,41947683048
janus,ours,GenEval,all_on,text,4392579072,1010582940,17880466560,4511820288,0,27795448860
janus,ours,GenEval,all_on,image,17470494720,9347235840,24429081600,13028843520,15360,64275671040
janus,ours,GenEval,alloff,text,23810958336,1010582940,32740067712,8113151232,0,65674760220
janus,ours,GenEval,alloff,image,34418995200,17189867520,51336806400,25668403200,15360,128614087680
janus,ours,GenEval,allon_pure,text,23810958336,1010582940,17880466560,4511820288,0,47213828124
janus,ours,GenEval,allon_pure,image,34418995200,9347235840,24429081600,13028843520,15360,81224171520
janus,ours,GenEval,noT3,text,23810958336,1010582940,32740067712,8113151232,0,65674760220
janus,ours,GenEval,noT3,image,34418995200,9347235840,48128256000,25668403200,15360,117562905600
janus,ours,GenEval,onlyT1,text,23810958336,1010582940,32740067712,8113151232,0,65674760220
janus,ours,GenEval,onlyT1,image,34418995200,9347235840,51336806400,25668403200,15360,120771456000
janus,ours,GenEval,onlyT2,text,23810958336,1010582940,32740067712,8113151232,0,65674760220
janus,ours,GenEval,onlyT2,image,34418995200,17189867520,48128256000,25668403200,15360,125405537280
janus,ours,GenEval,onlyT3,text,23810958336,1010582940,17880466560,4511820288,0,47213828124
janus,ours,GenEval,onlyT3,image,34418995200,17189867520,26057687040,13028843520,15360,90695408640
janus,ours,MM,all_on,text,4392579072,5974702740,17880466560,4511820288,0,32759568660
janus,ours,MM,alloff,text,23810958336,5974702740,32740067712,8113151232,0,70638880020
janus,ours,MM,allon_pure,text,23810958336,5974702740,17880466560,4511820288,0,52177947924
janus,ours,MM,noT3,text,23810958336,5974702740,32740067712,8113151232,0,70638880020
janus,ours,MM,onlyT1,text,23810958336,5974702740,32740067712,8113151232,0,70638880020
janus,ours,MM,onlyT2,text,23810958336,5974702740,32740067712,8113151232,0,70638880020
janus,ours,MM,onlyT3,text,23810958336,5974702740,17880466560,4511820288,0,52177947924
janus,sdma,GenEval,all_on,text,11933970432,900292728,16409209344,8026798080,0,37270270584
janus,sdma,GenEval,all_on,image,17470494720,8691148800,26057687040,13028843520,122880,65248296960
janus,sdma,MM,all_on,text,11933970432,5577705192,16409209344,8026798080,0,41947683048
