model,hw,task,ablation,status,total_cycles,text_cycles,image_cycles,total_energy_mJ,compute_mJ,sram_mJ,dram_mJ,avg_power_W,edp_mJs,total_mac,util_pct
bagel,ours,GenEdit,all_on,ok,712162177693.5,127230065693.5,584932112000.0,1298284.293,1003859.45,28554.186,265870.657,0.912,1849177938.36,1064640051736576,72.9951395264535
bagel,ours,GenEval,all_on,ok,543652970750.5,104717495550.5,438935475200.0,994159.956,774817.267,21932.184,197410.505,0.914,1080956026.597,819623564103680,73.61439005060967
bagel,ours,MM,all_on,ok,127169309589.0,127169309589.0,0.0,83136.046,2291.734,1687.909,79156.403,0.327,21144707.159,1653327699968,0.634814263448537
bagel,figna,GenEdit,all_on,ok,1655560108413.5,92299798013.5,1563260310400.0,1471531.307,906615.428,66800.395,498115.484,0.444,4872417061.655,1504591227826176,44.37553681853436
bagel,figna,GenEval,all_on,ok,1040479349470.5,69787227870.5,970692121600.0,849651.639,518020.821,41060.084,290570.734,0.408,1768089969.631,945799906938880,44.3849617049121
bagel,figna,MM,all_on,ok,92239041909.0,92239041909.0,0.0,54969.602,985.7,2187.681,51796.22,0.298,10140686.897,1653327699968,0.8752138999843956
bagel,flightvgm,GenEdit,all_on,ok,975076388771.0,212626123171.0,762450265600.0,2681511.339,2130846.014,71399.789,479265.536,1.375,5229356785.742,1420564009496576,71.13645435884946
bagel,flightvgm,GenEval,all_on,ok,685827432341.0,191525729941.0,494301702400.0,1780486.456,1410715.374,47605.636,322165.446,1.298,2442212908.268,940476915732480,66.95813295809853
bagel,flightvgm,MM,all_on,ok,212575796986.0,212575796986.0,0.0,150758.503,2479.992,2482.118,145796.393,0.355,64095217.766,1653327699968,0.379765207256011
bagel,sdma,GenEdit,all_on,ok,1007010903971.0,212626123171.0,794384780800.0,2787512.0,2233737.923,74604.119,479169.958,1.384,5614109958.887,1489158615576576,72.20658956071641
bagel,sdma,GenEval,all_on,ok,685833211541.0,191525729941.0,494307481600.0,1779444.944,1411916.978,47660.356,319867.609,1.297,2440804881.458,941277985607680,67.01460117064103
bagel,sdma,MM,all_on,ok,212575796986.0,212575796986.0,0.0,150758.503,2479.992,2482.118,145796.393,0.355,64095217.766,1653327699968,0.379765207256011
bagel,base,GenEdit,all_on,ok,1017752958371.0,212626123171.0,805126835200.0,2821842.922,2256886.842,75415.477,489540.603,1.386,5743877963.112,1504591227826176,72.18487349207922
bagel,base,GenEval,all_on,ok,688875758741.0,191525729941.0,497350028800.0,1789477.464,1418699.86,47892.281,322885.322,1.299,2465455291.087,945799906938880,67.03913658596765
bagel,base,MM,all_on,ok,212575796986.0,212575796986.0,0.0,150758.503,2479.992,2482.118,145796.393,0.355,64095217.766,1653327699968,0.379765207256011
janus,ours,GenEval,all_on,ok,92071181340.0,27795448860.0,64275732480.0,142553.428,102266.69,3286.323,37000.414,0.774,26250124.959,116883544768512,61.98686984719425
janus,ours,MM,all_on,ok,32759568660.0,32759568660.0,0.0,16969.26,386.926,315.744,16266.589,0.259,1111811.275,319422627840,0.47609930893394126
janus,figna,GenEval,all_on,ok,153812377344.0,25198228224.0,128614149120.0,132418.19,76767.881,5780.19,49870.119,0.43,40735113.272,126168229773312,40.052421013049994
janus,figna,MM,all_on,ok,30488126208.0,30488126208.0,0.0,13469.969,196.748,427.699,12845.522,0.221,821348.24,319422627840,0.5115699106463106
janus,flightvgm,GenEval,all_on,ok,101448459384.0,37270270584.0,64178188800.0,246369.925,184095.112,6342.059,55932.753,1.214,49987698.586,122730074898432,59.07117244350326
janus,flightvgm,MM,all_on,ok,41947683048.0,41947683048.0,0.0,29312.208,479.134,479.989,28353.085,0.349,2459158.389,319422627840,0.3718157206001782
janus,sdma,GenEval,all_on,ok,102518690424.0,37270270584.0,65248419840.0,249214.211,187195.802,6453.08,55565.329,1.215,51098229.064,124797201580032,59.43904797454829
janus,sdma,MM,all_on,ok,41947683048.0,41947683048.0,0.0,29312.208,479.134,479.989,28353.085,0.349,2459158.389,319422627840,0.3718157206001782
janus,base,GenEval,all_on,ok,103348499064.0,37270270584.0,66078228480.0,252226.092,189252.345,6518.137,56455.61,1.22,52134376.13,126168229773312,59.60955553486063
janus,base,MM,all_on,ok,41947683048.0,41947683048.0,0.0,29312.208,479.134,479.989,28353.085,0.349,2459158.389,319422627840,0.3718157206001782
bagel,ours,GenEdit,alloff,ok,1785521373469.5,216711115869.5,1568810257600.0,2975396.605,2256886.842,75415.477,643094.286,0.833,10625268464.328,1504591227826176,41.14561138153463
bagel,ours,GenEdit,onlyT1,ok,1652794563869.5,216711115869.5,1436083448000.0,2725645.834,2096275.663,69868.519,559501.651,0.825,9009865235.535,1397517108965376,41.28652258296506
bagel,ours,GenEdit,onlyT2,ok,1453122845469.5,216711115869.5,1236411729600.0,2386362.203,1757571.256,59068.465,569722.483,0.821,6935354870.466,1171714170597376,39.37217432412933
bagel,ours,GenEdit,onlyT3,ok,1119348753629.5,143604569629.5,975744184000.0,2143067.221,1667460.619,46531.596,429075.005,0.957,4797679244.877,1504591227826176,65.63313561388668
bagel,ours,GenEdit,noT3,ok,1320396035869.5,216711115869.5,1103684920000.0,2136611.433,1596960.078,53521.507,486129.848,0.809,5642346532.283,1064640051736576,39.370292029063485
bagel,ours,GenEval,alloff,ok,1168590632126.5,194198545726.5,974392086400.0,1885420.438,1418699.86,47892.281,418828.296,0.807,4406569323.77,945799906938880,39.51908804622425
bagel,ours,GenEval,onlyT1,ok,1140617825726.5,194198545726.5,946419280000.0,1832770.118,1384847.679,46712.616,401209.823,0.803,4180980534.787,923231785799680,39.52215722412295
bagel,ours,GenEval,onlyT2,ok,1065849268926.5,194198545726.5,871650723200.0,1702438.03,1263287.528,43015.649,396134.854,0.799,3629084659.908,842191685242880,38.5820416449859
bagel,ours,GenEval,onlyT3,ok,700106703486.5,121091999486.5,579014704000.0,1311859.988,1025749.045,28418.688,257692.254,0.937,1836883942.732,945799906938880,65.96371074725828
bagel,ours,GenEval,noT3,ok,1037876462526.5,194198545726.5,843677916800.0,1649787.71,1229435.346,41835.983,378516.381,0.795,3424551665.189,819623564103680,38.56015940816093
bagel,ours,MM,alloff,ok,216650359765.0,216650359765.0,0.0,151573.415,2479.992,2482.118,146611.305,0.35,65676869.931,1653327699968,0.3726229288867389
bagel,ours,MM,onlyT1,ok,216650359765.0,216650359765.0,0.0,151573.415,2479.992,2482.118,146611.305,0.35,65676869.931,1653327699968,0.3726229288867389
bagel,ours,MM,onlyT2,ok,216650359765.0,216650359765.0,0.0,151573.415,2479.992,2482.118,146611.305,0.35,65676869.931,1653327699968,0.3726229288867389
bagel,ours,MM,onlyT3,ok,143543813525.0,143543813525.0,0.0,95550.831,2479.992,1829.101,91241.738,0.333,27431461.343,1653327699968,0.5623989611084147
bagel,ours,MM,noT3,ok,216650359765.0,216650359765.0,0.0,151573.415,2479.992,2482.118,146611.305,0.35,65676869.931,1653327699968,0.3726229288867389
janus,ours,GenEval,alloff,ok,194288909340.0,65674760220.0,128614149120.0,270414.174,189252.345,6518.137,74643.692,0.696,105076950.014,126168229773312,31.70823345155127
janus,ours,GenEval,onlyT1,ok,186446277660.0,65674760220.0,120771517440.0,255583.265,179685.296,6190.281,69707.688,0.685,95305096.755,119790197440512,31.371668063367654
janus,ours,GenEval,onlyT2,ok,191080358940.0,65674760220.0,125405598720.0,265140.815,184892.366,6367.233,73881.216,0.694,101326404.029,123261577101312,31.497908669356615
janus,ours,GenEval,onlyT3,ok,137909298204.0,47213828124.0,90695470080.0,211201.487,151470.012,4629.228,55102.247,0.766,58253297.739,126168229773312,44.671085812409096
janus,ours,GenEval,noT3,ok,183237727260.0,65674760220.0,117562967040.0,250309.905,175325.317,6039.376,68945.212,0.683,91732436.248,116883544768512,31.14644794901829
janus,ours,MM,alloff,ok,70638880020.0,70638880020.0,0.0,35050.447,479.134,479.989,34091.324,0.248,4951848.641,319422627840,0.22079636590478322
janus,ours,MM,onlyT1,ok,70638880020.0,70638880020.0,0.0,35050.447,479.134,479.989,34091.324,0.248,4951848.641,319422627840,0.22079636590478322
janus,ours,MM,onlyT2,ok,70638880020.0,70638880020.0,0.0,35050.447,479.134,479.989,34091.324,0.248,4951848.641,319422627840,0.22079636590478322
janus,ours,MM,onlyT3,ok,52177947924.0,52177947924.0,0.0,25329.614,479.134,384.9,24465.58,0.243,2643294.54,319422627840,0.2989157032913137
janus,ours,MM,noT3,ok,70638880020.0,70638880020.0,0.0,35050.447,479.134,479.989,34091.324,0.248,4951848.641,319422627840,0.22079636590478322
bagel,ours,GenEdit,allon_pure,ok,818963992029.5,143604569629.5,675359422400.0,1511795.76,1173972.384,32764.693,305058.683,0.923,2476212580.915,1064640051736576,63.475779194364705
bagel,ours,GenEval,allon_pure,ok,620312348286.5,121091999486.5,499220348800.0,1140639.195,888288.642,24786.252,227564.301,0.919,1415105155.526,819623564103680,64.51698398645432
bagel,ours,MM,allon_pure,ok,143543813525.0,143543813525.0,0.0,95550.831,2479.992,1829.101,91241.738,0.333,27431461.343,1653327699968,0.5623989611084147
janus,ours,GenEval,allon_pure,ok,128438061084.0,47213828124.0,81224232960.0,192941.276,138996.311,4225.21,49719.755,0.751,49562006.709,116883544768512,44.43546006714802
janus,ours,MM,allon_pure,ok,52177947924.0,52177947924.0,0.0,25329.614,479.134,384.9,24465.58,0.243,2643294.54,319422627840,0.2989157032913137
