model,hw,task,ablation,status,total_cycles,text_cycles,image_cycles,total_energy_mJ,compute_mJ,sram_mJ,dram_mJ,avg_power_W,edp_mJs,total_mac,util_pct,wall_s
bagel,ours,GenEdit,,ok,785823852157.5,110464429757.5,675359422400.0,1461391.178,1173319.367,3232.923,284838.889,0.93,2296792090.537,1064204707098624,66.12565948607171,124.0
bagel,ours,GenEval,,ok,587172208414.5,87951859614.5,499220348800.0,1097415.21,887635.625,2435.079,207344.507,0.934,1288743424.953,819188219465728,68.12213555986862,61.5
bagel,ours,MM,,ok,110403673653.0,110403673653.0,0.0,72988.282,1826.975,139.364,71021.944,0.331,16116348.897,1217983062016,0.5386761801687925,111.3
bagel,figna,GenEdit,,ok,1633934843325.5,70674532925.5,1563260310400.0,1400013.406,906397.756,6625.609,486990.041,0.428,4575061371.189,1504155883188224,44.94984104404023,115.0
bagel,figna,GenEval,,ok,1018854084382.5,48161962782.5,970692121600.0,801300.018,517803.149,4051.578,279445.291,0.393,1632815591.721,945364562300928,45.3061726170304,54.1
bagel,figna,MM,,ok,70613776821.0,70613776821.0,0.0,41603.144,768.028,164.338,40670.777,0.295,5875510.185,1217983062016,0.8422128354748125,108.6
bagel,flightvgm,GenEdit,,ok,919553700963.0,157103435363.0,762450265600.0,2578254.142,2130192.997,7074.665,440986.479,1.402,4741686275.999,1420128664858624,75.40855949052411,105.9
bagel,flightvgm,GenEval,,ok,630304744533.0,136003042133.0,494301702400.0,1698643.996,1410062.357,4695.25,283886.389,1.347,2141326739.555,940041571094528,72.82265878009245,55.2
bagel,flightvgm,MM,,ok,157053109178.0,157053109178.0,0.0,109527.209,1826.975,182.898,107517.336,0.349,34403177.367,1217983062016,0.3786733641331235,96.7
bagel,sdma,GenEdit,,ok,951488216163.0,157103435363.0,794384780800.0,2681370.906,2233084.906,7395.098,440890.901,1.409,5102585640.177,1488723270938624,76.39775745929697,106.7
bagel,sdma,GenEval,,ok,630310523733.0,136003042133.0,494307481600.0,1697553.236,1411263.961,4700.722,281588.553,1.347,2139971338.589,940842640969728,72.88404738433344,54.9
bagel,sdma,MM,,ok,157053109178.0,157053109178.0,0.0,109527.209,1826.975,182.898,107517.336,0.349,34403177.367,1217983062016,0.3786733641331235,96.8
bagel,base,GenEdit,,ok,962230270563.0,157103435363.0,805126835200.0,2714971.605,2256233.825,7476.234,451261.546,1.411,5224855723.471,1504155883188224,76.32799936841245,104.7
bagel,base,GenEval,,ok,633353070933.0,136003042133.0,497350028800.0,1707377.023,1418046.843,4723.914,284606.265,1.348,2162744961.438,945364562300928,72.88253761934176,55.3
bagel,base,MM,,ok,157053109178.0,157053109178.0,0.0,109527.209,1826.975,182.898,107517.336,0.349,34403177.367,1217983062016,0.3786733641331235,94.9
janus,ours,GenEval,,ok,119497827804.0,38273594844.0,81224232960.0,185268.622,138901.222,416.179,45951.222,0.775,44278395.854,116820152057856,47.733997278643955,29.8
janus,ours,MM,,ok,43237714644.0,43237714644.0,0.0,21113.239,384.045,32.148,20697.047,0.244,1825776.427,256029917184,0.28913324635521176,58.5
janus,figna,GenEval,,ok,147807403776.0,19193254656.0,128614149120.0,124983.84,76736.185,570.092,47677.564,0.423,36947073.911,126104837062656,41.658689550704416,14.1
janus,figna,MM,,ok,24483152640.0,24483152640.0,0.0,10852.862,165.052,34.843,10652.967,0.222,531424.537,256029917184,0.5106148290549563,31.0
janus,flightvgm,GenEval,,ok,93243854712.0,29065665912.0,64178188800.0,234958.21,184000.023,624.694,50333.493,1.26,43816818.44,122666682187776,64.23569799532507,23.4
janus,flightvgm,MM,,ok,33743078376.0,33743078376.0,0.0,23176.356,384.045,38.487,22753.825,0.343,1564083.221,256029917184,0.3704896352578119,48.3
janus,sdma,GenEval,,ok,94314085752.0,29065665912.0,65248419840.0,237702.578,187100.713,635.796,49966.069,1.26,44837402.673,124733808869376,64.5769713255249,23.9
janus,sdma,MM,,ok,33743078376.0,33743078376.0,0.0,23176.356,384.045,38.487,22753.825,0.343,1564083.221,256029917184,0.3704896352578119,48.7
janus,base,GenEval,,ok,95143894392.0,29065665912.0,66078228480.0,240655.908,189157.256,642.302,50856.35,1.265,45793880.547,126104837062656,64.71737137257374,24.0
janus,base,MM,,ok,33743078376.0,33743078376.0,0.0,23176.356,384.045,38.487,22753.825,0.343,1564083.221,256029917184,0.3704896352578119,47.5
bagel,ours,GenEdit,alloff,ok,1729062995325.5,160252737725.5,1568810257600.0,2868338.15,2256233.825,7476.234,604628.091,0.829,9919074705.193,1504155883188224,42.4768280174626,131.7
bagel,ours,GenEdit,onlyT1,ok,1596336185725.5,160252737725.5,1436083448000.0,2623579.641,2095622.646,6921.538,521035.457,0.822,8376230235.165,1397081764327424,42.73340643017305,130.3
bagel,ours,GenEdit,onlyT2,ok,1396664467325.5,160252737725.5,1236411729600.0,2294016.06,1756918.239,5841.533,531256.288,0.821,6407941435.719,1171278825959424,40.94852433191547,131.9
bagel,ours,GenEdit,onlyT3,ok,1086208613757.5,110464429757.5,975744184000.0,2080272.426,1666807.602,4609.613,408855.211,0.958,4519219656.583,1504155883188224,67.61602748640777,125.0
bagel,ours,GenEdit,noT3,ok,1263937657725.5,160252737725.5,1103684920000.0,2049257.551,1596307.061,5286.837,447663.654,0.811,5180267578.833,1064204707098624,41.11209136478254,130.0
bagel,ours,GenEval,alloff,ok,1112132253982.5,137740167582.5,974392086400.0,1803132.86,1418046.843,4723.914,380362.102,0.811,4010644422.639,945364562300928,41.50619573643474,67.3
bagel,ours,GenEval,onlyT1,ok,1084159447582.5,137740167582.5,946419280000.0,1751544.238,1384194.662,4605.948,362743.629,0.808,3797906467.652,922796441161728,41.56069485818989,70.0
bagel,ours,GenEval,onlyT2,ok,1009390890782.5,137740167582.5,871650723200.0,1624539.421,1262634.511,4236.251,357668.659,0.805,3279590586.285,841756340604928,40.7189961727685,68.5
bagel,ours,GenEval,onlyT3,ok,666966563614.5,87951859614.5,579014704000.0,1265366.81,1025096.028,2798.322,237472.46,0.949,1687914706.094,945364562300928,69.20943498043215,63.2
bagel,ours,GenEval,noT3,ok,981418084382.5,137740167582.5,843677916800.0,1572950.8,1228782.329,4118.285,340050.186,0.801,3087444721.21,819188219465728,40.75676351915535,67.9
bagel,ours,MM,alloff,ok,160191981621.0,160191981621.0,0.0,110154.983,1826.975,182.898,108145.111,0.344,35291890.121,1217983062016,0.37125347098024586,117.6
bagel,ours,MM,onlyT1,ok,160191981621.0,160191981621.0,0.0,110154.983,1826.975,182.898,108145.111,0.344,35291890.121,1217983062016,0.37125347098024586,119.2
bagel,ours,MM,onlyT2,ok,160191981621.0,160191981621.0,0.0,110154.983,1826.975,182.898,108145.111,0.344,35291890.121,1217983062016,0.37125347098024586,120.4
bagel,ours,MM,onlyT3,ok,110403673653.0,110403673653.0,0.0,72988.282,1826.975,139.364,71021.944,0.331,16116348.897,1217983062016,0.5386761801687925,111.6
bagel,ours,MM,noT3,ok,160191981621.0,160191981621.0,0.0,110154.983,1826.975,182.898,108145.111,0.344,35291890.121,1217983062016,0.37125347098024586,119.3
janus,ours,GenEval,alloff,ok,177918875484.0,49304726364.0,128614149120.0,257210.904,189157.256,642.302,67411.347,0.723,91525349.599,126104837062656,34.60826025597117,32.4
janus,ours,GenEval,onlyT1,ok,170076243804.0,49304726364.0,120771517440.0,242675.066,179590.207,609.516,62475.342,0.713,82546527.219,119726804729856,34.37302739315617,34.5
janus,ours,GenEval,onlyT2,ok,174710325084.0,49304726364.0,125405598720.0,252073.358,184797.277,627.211,66648.87,0.721,88079636.646,123198184390656,34.43148734516838,32.3
janus,ours,GenEval,onlyT3,ok,128969064924.0,38273594844.0,90695470080.0,203165.217,151374.923,456.58,51333.713,0.788,52404056.168,126104837062656,47.74371862607923,29.8
janus,ours,GenEval,noT3,ok,166867693404.0,49304726364.0,117562967040.0,237537.52,175230.228,594.426,61712.866,0.712,79274675.968,116820152057856,34.183423230942,32.9
janus,ours,MM,alloff,ok,54268846164.0,54268846164.0,0.0,27281.51,384.045,38.487,26858.978,0.251,2961072.135,256029917184,0.2303616473108842,62.1
janus,ours,MM,onlyT1,ok,54268846164.0,54268846164.0,0.0,27281.51,384.045,38.487,26858.978,0.251,2961072.135,256029917184,0.2303616473108842,61.7
janus,ours,MM,onlyT2,ok,54268846164.0,54268846164.0,0.0,27281.51,384.045,38.487,26858.978,0.251,2961072.135,256029917184,0.2303616473108842,62.5
janus,ours,MM,onlyT3,ok,43237714644.0,43237714644.0,0.0,21113.239,384.045,32.148,20697.047,0.244,1825776.427,256029917184,0.28913324635521176,59.1
janus,ours,MM,noT3,ok,54268846164.0,54268846164.0,0.0,27281.51,384.045,38.487,26858.978,0.251,2961072.135,256029917184,0.2303616473108842,61.5
