hw,batch,total_cycles,seconds,throughput_req_per_s,energy_mJ,energy_per_req_mJ,compute_mJ,sram_mJ,dram_mJ,avg_power_W,edp_mJs,cyc:text/qkv,cyc:text/attn,cyc:text/omap,cyc:text/ffn_up,cyc:text/ffn_down,cyc:img/qkv,cyc:img/attn,cyc:img/omap,cyc:img/ffn_up,cyc:img/ffn_down,e_mJ:text/qkv,e_mJ:text/attn,e_mJ:text/omap,e_mJ:text/ffn_up,e_mJ:text/ffn_down,e_mJ:img/qkv,e_mJ:img/attn,e_mJ:img/omap,e_mJ:img/ffn_up,e_mJ:img/ffn_down
ours,1,611855247099.0,1223.710494198,0.00081718674861523,2443048.958744542,2443048.958744542,986066.4307303219,28554.186091760002,1244871.7677927602,1.9964272353042753,2989584648.6551933,828943360.0,5028976379.0,644893312.0,13613548032.0,6806774016.0,50790499200.0,60167923200.0,38062886400.0,234721132800.0,201189542400.0,8617.60101572608,51977.17583352001,6704.21274435584,141579.697975296,70789.750499328,86784.83457638403,215051.93233440001,54333.133381632004,550775.8191165442,461022.980038656
ours,2,1201832955382.0,2403.665910764,0.0008320623889716456,4632183.892783036,2316091.946391518,1972132.8614606438,55661.145414112005,2243839.9992936803,1.927132997992515,11134222515.472668,830584832.0,10057952758.0,646329600.0,13622576128.0,6811288064.0,101580998400.0,120335846400.0,76125772800.0,469442265600.0,402379084800.0,8684.20971708416,103954.35166703997,6757.65368864768,142978.422530048,71489.014288384,173569.669152768,430103.86466880026,108666.26676326407,1101551.638233088,922045.960077312
ours,4,2381788371948.0,4763.576743896,0.0008397051658977805,9010453.760860024,2252613.440215006,3944265.7229212876,109875.064058816,4241776.46229552,1.8915311425193118,42921987987.18306,833867776.0,20115905516.0,649202176.0,13640632320.0,6820316160.0,203161996800.0,240671692800.0,152251545600.0,938884531200.0,804758169600.0,8817.42711980032,207908.70333408003,6864.53557723136,145775.871639552,72887.541866496,347139.33830553596,860207.7293376001,217332.53352652813,2203103.276466177,1844091.920154624
ours,8,4741699205080.0,9483.39841016,0.0008435794484210673,17766993.497014,2220874.18712675,7888531.445842575,218302.90134822403,8237649.388299201,1.8734838217889702,168491477882.90564,840433664.0,40231811032.0,654947328.0,13676744704.0,6838372352.0,406323993600.0,481343385600.0,304503091200.0,1877769062400.0,1609516339200.0,9083.86192523264,415817.40666816005,7078.2993543987195,151370.76985856,75684.59702272,694278.6766110719,1720415.4586752001,434665.06705305626,4406206.552932354,3688183.840309248
ours,16,9462942386096.0,18925.884772192,0.0008454030124662371,35281920.93849955,2205120.0586562217,15777062.89168515,435158.57592704,16230816.755058559,1.8642151404376952,667741570223.6306,1654603776.0,80463622064.0,1286914048.0,13748969472.0,6874484736.0,812647987200.0,962686771200.0,609006182400.0,3755538124800.0,3219032678400.0,9616.73153609728,831634.8133363201,7505.826908733442,162560.566296576,81278.707335168,1388557.3532221438,3440830.9173504002,869330.1341061125,8812413.105864707,7376367.680618496
ours,32,18925451423584.0,37850.902847168,0.0008454223702194791,70337805.29956347,2198056.4156113584,31554125.7833703,868869.925084672,32237174.164033283,1.8582860647622865,2662349434876.7954,3309207552.0,160927244128.0,2573828096.0,27209039872.0,13604519936.0,1625295974400.0,1925373542400.0,1218012364800.0,7511076249600.0,6438065356800.0,10682.47075782656,1663269.6266726402,8360.88201740288,184940.15917260802,92466.927960064,2777114.7064442877,6881661.8347008005,1738660.268212225,17624826.211729415,14752735.361236991
ours,64,37850902847168.0,75701.805694336,0.0008454223702194791,140451584.60165107,2194556.009400798,63108251.5667406,1737739.850169344,64250322.330590725,1.8553267430470242,10632438566975.783,6618415104.0,321854488256.0,5147656192.0,54418079744.0,27209039872.0,3250591948800.0,3850747084800.0,2436024729600.0,15022152499200.0,12876130713600.0,12893.370182533119,3326539.2533452804,10132.76410904576,230570.03420057602,115278.713847808,5554229.412888575,13763323.669401601,3477320.53642445,35249652.42345883,29505470.722473983
figna,1,1579980055547.0,3159.960111094,0.0003164596908958427,3978336.9057022817,3978336.9057022817,1001134.4274110055,66800.395102896,2436408.0665242802,1.2589832674580674,12571385930.512342,828943360.0,5028976379.0,644893312.0,6811288064.0,3405644032.0,98267299200.0,192894732800.0,75463449600.0,797756467200.0,398878233600.0,8681.13780072448,52056.653563824,6753.63024379904,71332.48719536129,35666.145109360645,97869.09029990401,676205.9217088,62954.221166592004,608621.6292925441,304221.9171102721
figna,2,3148285962230.0,6296.57192446,0.0003176331540390562,7820086.2696957635,3910043.1348478817,2002268.854822011,131732.926387552,4741598.6998172,1.2419593333504915,49239735652.621475,830584832.0,10057952758.0,646329600.0,6820316160.0,3410158080.0,196534598400.0,385789465600.0,150926899200.0,1595512934400.0,797756467200.0,8758.33596624896,104113.307127648,6815.30743799808,71921.47072352257,35960.53838512128,195738.18059980802,1352411.8434176003,125908.44233318401,1217243.2585850877,608443.8342205442
figna,4,6284897775596.0,12569.795551192,0.0003182231551586913,15503584.997682728,3875896.249420682,4004537.709644022,261597.98895686402,9351979.966403041,1.2333999335583872,194876893731.39938,833867776.0,20115905516.0,649202176.0,6838372352.0,3419186176.0,393069196800.0,771578931200.0,301853798400.0,3191025868800.0,1595512934400.0,8912.73229729792,208226.614255296,6938.661826396161,73099.43777984513,36549.324936642566,391476.36119961605,2704823.686835201,251816.88466636802,2434486.5171701754,1216887.6684410882
figna,8,12558121402328.0,25116.242804656,0.000318518978424471,30870582.453656655,3858822.806707082,8009075.419288044,521328.11409548804,18572742.49957472,1.2291082983133894,775353044427.1937,840433664.0,40231811032.0,654947328.0,6874484736.0,3437242368.0,786138393600.0,1543157862400.0,603707596800.0,6382051737600.0,3191025868800.0,9221.52495939584,416453.228510592,7185.370603192321,75455.37189249025,37726.89803968511,782952.7223992321,5409647.373670402,503633.76933273603,4868973.034340351,2433775.3368821763
figna,16,25115976886192.0,50231.953772384,0.00031852235078294556,61619408.065124504,3851213.0040702815,16018150.838576088,1040788.3643727361,37025675.796318084,1.2266974194223157,3095263257409.0,1654603776.0,80463622064.0,1286914048.0,13604519936.0,6802259968.0,1572276787200.0,3086315724800.0,1207415193600.0,12764103475200.0,6382051737600.0,9839.11028359168,832906.457021184,7678.788156784641,80167.24011778047,40082.04424577024,1565905.4447984642,10819294.7473408,1007267.5386654721,9737946.068680706,4867550.673764353
figna,32,50231953772384.0,100463.907544768,0.00031852235078294556,123117404.98206341,3847418.9056894816,32036301.677152175,2079708.864927232,73931808.3082688,1.2254889142869614,12368855591269.777,3309207552.0,160927244128.0,2573828096.0,27209039872.0,13604519936.0,3144553574400.0,6172631449600.0,2414830387200.0,25528206950400.0,12764103475200.0,11074.28093198336,1665812.914042368,8665.623263969283,89590.97656836096,44792.33665794047,3131810.8895969284,21638589.4946816,2014535.0773309441,19475892.13736141,9735101.347528705
figna,64,100463907544768.0,200927.815089536,0.00031852235078294556,246115266.67975947,3845551.0418712418,64072603.35430435,4159417.729854464,147744073.33217025,1.2248939579126332,49451402794142.555,6618415104.0,321854488256.0,5147656192.0,54418079744.0,27209039872.0,6289107148800.0,12345262899200.0,4829660774400.0,51056413900800.0,25528206950400.0,13676.99053084672,3331625.828084736,10742.246602178564,109526.81106440192,54757.10227972097,6263621.779193857,43277178.9893632,4029070.1546618883,38951784.27472282,19470202.69505741
flightvgm,1,814192457339.0,1628.384914678,0.000614105418802496,4718389.6294459645,4718389.6294459645,2130846.014244864,71399.78877304001,2271886.08922636,2.8975886394642676,7683354494.162927,3310849024.0,5028976379.0,2575264384.0,27218067968.0,13609033984.0,56674598400.0,106820313600.0,38062886400.0,359702515200.0,201189542400.0,34220.807477248,51977.17583352001,26617.817769984,281325.326757888,140662.564890624,220818.31833600003,673760.1829056,145633.58208000002,1343682.2626304,741241.396224
flightvgm,2,1581688319222.0,3163.376638444,0.0006322358127370375,8895659.110747801,4447829.555373901,4261692.028489728,140558.14096419202,4018902.44552728,2.812077133857634,28140320214.50112,3312490496.0,10057952758.0,2576700672.0,27227096064.0,13613548032.0,113349196800.0,213640627200.0,76125772800.0,719405030400.0,402379084800.0,34396.487659520004,103954.35166704001,26756.09208832,282724.05131264,141361.82867968,441636.63667200005,1347520.3658112,291267.16416000004,2687364.5252608,1482482.792448
flightvgm,4,3116680042988.0,6233.360085976,0.0006417084758185749,17250198.073351473,4312549.518337868,8523384.056979457,278874.84534649603,7512935.15812912,2.7673995783047225,107526696145.60918,3315773440.0,20115905516.0,2579573248.0,27245152256.0,13622576128.0,226698393600.0,427281254400.0,152251545600.0,1438810060800.0,804758169600.0,34747.848024064006,207908.70333408003,27032.640724992,285521.500422144,142760.356257792,883273.2733440001,2695040.7316224,582534.3283200001,5374729.0505216,2964965.584896
flightvgm,8,6186663490520.0,12373.32698104,0.00064655205606856,33959275.99855882,4244909.499819852,17046768.113958914,555508.2541111041,14501000.583332801,2.7445549649334877,420189225969.5519,3322339328.0,40231811032.0,2585318400.0,27281264640.0,13640632320.0,453396787200.0,854562508800.0,304503091200.0,2877620121600.0,1609516339200.0,35450.568753152,415817.40666816005,27585.737998336,291116.398641152,145557.411414016,1766546.5466880002,5390081.4632448,1165068.6566400002,10749458.1010432,5929931.169792
flightvgm,16,12326630385584.0,24653.260771168,0.0006490013693730936,67377431.84897351,4211089.490560845,34093536.22791783,1108775.0716403201,28477131.43374016,2.733002845926631,1661073397464.344,3335471104.0,80463622064.0,2596808704.0,27353489408.0,13676744704.0,906793574400.0,1709125017600.0,609006182400.0,5755240243200.0,3219032678400.0,36856.010211328,831634.8133363201,28691.932545024003,302306.195079168,151151.521726464,3533093.0933760004,10780162.9264896,2330137.3132800004,21498916.2020864,11859862.339584
flightvgm,32,24606564175712.0,49213.128351424,0.0006502329982254434,134213743.54980288,4194179.48593134,68187072.45583566,2215308.706698752,56429393.134554885,2.7271939022327842,6605078187841.554,3361734656.0,160927244128.0,2619789312.0,27497938944.0,13748969472.0,1813587148800.0,3418250035200.0,1218012364800.0,11510480486400.0,6438065356800.0,39666.89312768,1663269.6266726402,30904.3216384,324685.7879552,162339.74235136,7066186.186752001,21560325.8529792,4660274.626560001,42997832.4041728,23719724.679168
flightvgm,64,49166431755968.0,98332.863511936,0.0006508505672900642,267888608.38804352,4185759.50606318,136374144.9116713,4430617.413397504,112333916.53618433,2.7243039490609995,26342253965023.957,3414261760.0,321854488256.0,2665750528.0,27786838016.0,13893419008.0,3627174297600.0,6836500070400.0,2436024729600.0,23020960972800.0,12876130713600.0,45447.500922880005,3326539.2533452804,35452.643573760004,370751.00762112,185369.20055808002,14132372.373504002,43120651.7059584,9320549.253120001,85995664.8083456,47439449.358336
sdma,1,846126972539.0,1692.253945078,0.0005909278586163424,4832757.246322764,4832757.246322764,2233737.923364864,74604.11912184,2270577.1120743603,2.8558108907821227,8178252515.69399,3310849024.0,5028976379.0,2575264384.0,27218067968.0,13609033984.0,56674598400.0,96078259200.0,38062886400.0,402379084800.0,201189542400.0,34220.807477248,51977.17583352001,26617.817769984,281325.326757888,140662.564890624,220818.31833600003,607634.6051328001,145633.58208000002,1482660.58752,741241.396224
sdma,2,1645557349622.0,3291.114699244,0.0006076968391467544,9124394.3445014,4562197.1722507,4467475.846729728,146966.801661792,4016284.4912232803,2.772432801141011,30029428348.887383,3312490496.0,10057952758.0,2576700672.0,27227096064.0,13613548032.0,113349196800.0,192156518400.0,76125772800.0,804758169600.0,402379084800.0,34396.487659520004,103954.35166704001,26756.09208832,282724.05131264,141361.82867968,441636.63667200005,1215269.2102656001,291267.16416000004,2965321.17504,1482482.792448
sdma,4,3244418103788.0,6488.836207576,0.0006164433608803109,17707668.540858675,4426917.135214669,8934951.693459457,291692.166741696,7507699.24952112,2.7289436771703675,114902160779.67822,3315773440.0,20115905516.0,2579573248.0,27245152256.0,13622576128.0,226698393600.0,384313036800.0,152251545600.0,1609516339200.0,804758169600.0,34747.848024064006,207908.70333408003,27032.640724992,285521.500422144,142760.356257792,883273.2733440001,2430538.4205312002,582534.3283200001,5930642.35008,2964965.584896
sdma,8,6442139612120.0,12884.27922424,0.0006209117220115116,34874216.933573216,4359277.116696652,17869903.386918914,581142.896901504,14490528.766116802,2.706726261253495,449329148698.8762,3322339328.0,40231811032.0,2585318400.0,27281264640.0,13640632320.0,453396787200.0,768626073600.0,304503091200.0,3219032678400.0,1609516339200.0,35450.568753152,415817.40666816005,27585.737998336,291116.398641152,145557.411414016,1766546.5466880002,4861076.8410624005,1165068.6566400002,11861284.70016,5929931.169792
sdma,16,12837582628784.0,25675.165257568,0.0006231702830143945,69207313.7190023,4325457.107437644,35739806.77383783,1160044.35722112,28456187.799308162,2.695496329808541,1776909216767.737,3335471104.0,80463622064.0,2596808704.0,27353489408.0,13676744704.0,906793574400.0,1537252147200.0,609006182400.0,6438065356800.0,3219032678400.0,36856.010211328,831634.8133363201,28691.932545024003,302306.195079168,151151.521726464,3533093.0933760004,9722153.682124801,2330137.3132800004,23722569.40032,11859862.339584
sdma,32,25628468662112.0,51256.937324224,0.0006243057363647206,137873507.2898605,4308547.10280814,71479613.54767565,2317847.2778603523,56387505.86569089,2.68985067168072,7066973721827.32,3361734656.0,160927244128.0,2619789312.0,27497938944.0,13748969472.0,1813587148800.0,3074504294400.0,1218012364800.0,12876130713600.0,6438065356800.0,39666.89312768,1663269.6266726402,30904.3216384,324685.7879552,162339.74235136,7066186.186752001,19444307.364249602,4660274.626560001,47445138.80064,23719724.679168
sdma,64,51210240728768.0,102420.481457536,0.0006248750161024647,275208135.86815876,4300127.122939981,142959227.0953513,4635694.555720705,112250141.99845633,2.687042005189765,28186949776647.8,3414261760.0,321854488256.0,2665750528.0,27786838016.0,13893419008.0,3627174297600.0,6149008588800.0,2436024729600.0,25752261427200.0,12876130713600.0,45447.500922880005,3326539.2533452804,35452.643573760004,370751.00762112,185369.20055808002,14132372.373504002,38888614.728499204,9320549.253120001,94890277.60128,47439449.358336
base,1,856869026939.0,1713.738053878,0.0005835197495539709,4912847.494815565,4912847.494815565,2256886.8417392643,75415.47727224001,2323484.46772236,2.866743539771631,8419333704.764633,3310849024.0,5028976379.0,2575264384.0,27218067968.0,13609033984.0,56674598400.0,106820313600.0,38062886400.0,402379084800.0,201189542400.0,34220.807477248,51977.17583352001,26617.817769984,281325.326757888,140662.564890624,220818.31833600003,673760.1829056,145633.58208000002,1482660.58752,741241.396224
base,2,1667041458422.0,3334.082916844,0.0005998651053025323,9284574.841487,4642287.4207435,4513773.683478529,148589.517962592,4122099.2025192804,2.7847462324889203,30955542369.1614,3312490496.0,10057952758.0,2576700672.0,27227096064.0,13613548032.0,113349196800.0,213640627200.0,76125772800.0,804758169600.0,402379084800.0,34396.487659520004,103954.35166704001,26756.09208832,282724.05131264,141361.82867968,441636.63667200005,1347520.3658112,291267.16416000004,2965321.17504,1482482.792448
base,4,3287386321388.0,6574.772642776,0.0006083860564205184,18028029.534829874,4507007.383707468,9027547.366957057,294937.599343296,7719328.672113121,2.7420004484319445,118530195388.75719,3315773440.0,20115905516.0,2579573248.0,27245152256.0,13622576128.0,226698393600.0,427281254400.0,152251545600.0,1609516339200.0,804758169600.0,34747.848024064006,207908.70333408003,27032.640724992,285521.500422144,142760.356257792,883273.2733440001,2695040.7316224,582534.3283200001,5930642.35008,2964965.584896
base,8,6528076047320.0,13056.15209464,0.0006127379600061703,35514938.92151562,4439367.365189453,18055094.733914115,587633.762104704,14913787.611300802,2.7201689030641516,463688444191.15784,3322339328.0,40231811032.0,2585318400.0,27281264640.0,13640632320.0,453396787200.0,854562508800.0,304503091200.0,3219032678400.0,1609516339200.0,35450.568753152,415817.40666816005,27585.737998336,291116.398641152,145557.411414016,1766546.5466880002,5390081.4632448,1165068.6566400002,11861284.70016,5929931.169792
base,16,13009455499184.0,26018.910998368,0.0006149373431118458,70488757.6948871,4405547.355930444,36110189.46782823,1173026.08762752,29302705.489676163,2.709135586009284,1834040712848.7952,3335471104.0,80463622064.0,2596808704.0,27353489408.0,13676744704.0,906793574400.0,1709125017600.0,609006182400.0,6438065356800.0,3219032678400.0,36856.010211328,831634.8133363201,28691.932545024003,302306.195079168,151151.521726464,3533093.0933760004,10780162.9264896,2330137.3132800004,23722569.40032,11859862.339584
base,32,25972214402912.0,51944.428805824,0.0006160429662172388,140436395.24163008,4388637.35130094,72220378.93565646,2343810.738673152,58080541.24642688,2.7035891715471974,7294888334375.414,3361734656.0,160927244128.0,2619789312.0,27497938944.0,13748969472.0,1813587148800.0,3418250035200.0,1218012364800.0,12876130713600.0,6438065356800.0,39666.89312768,1663269.6266726402,30904.3216384,324685.7879552,162339.74235136,7066186.186752001,21560325.8529792,4660274.626560001,47445138.80064,23719724.679168
base,64,51897732210368.0,103795.464420736,0.0006165972699979966,280333911.77169794,4380217.37143278,144440757.87131292,4687621.477346304,115636212.75992833,2.700830073223253,29097388565225.016,3414261760.0,321854488256.0,2665750528.0,27786838016.0,13893419008.0,3627174297600.0,6836500070400.0,2436024729600.0,25752261427200.0,12876130713600.0,45447.500922880005,3326539.2533452804,35452.643573760004,370751.00762112,185369.20055808002,14132372.373504002,43120651.7059584,9320549.253120001,94890277.60128,47439449.358336
