combo,dataset,hw,axis,point,kv_cache_init,batch,total_cycles,seconds,throughput_req_per_s,energy_mJ,energy_per_req_mJ,compute_mJ,sram_mJ,dram_mJ,avg_power_W,edp_mJs,cyc:text/qkv,cyc:text/attn,cyc:text/omap,cyc:text/ffn_up,cyc:text/ffn_down,cyc:img/qkv,cyc:img/attn,cyc:img/omap,cyc:img/ffn_up,cyc:img/ffn_down,e_mJ:text/qkv,e_mJ:text/attn,e_mJ:text/omap,e_mJ:text/ffn_up,e_mJ:text/ffn_down,e_mJ:img/qkv,e_mJ:img/attn,e_mJ:img/omap,e_mJ:img/ffn_up,e_mJ:img/ffn_down
GEdit/all_off,GEdit,all_off,ctxlen,1497,1497,1,1683230215693.0,3366.460431386,0.0002970478995317618,2799346.028449301,2799346.028449301,2149276.736925696,71553.411051808,578515.8804717967,0.8315398578134443,9423887638.532122,13733119008.0,12722849069.0,10681314784.0,112916756288.0,54804082144.0,103817246400.0,102456569600.0,75463449600.0,797756467200.0,398878233600.0,6928.816802611201,5201.561533548797,5389.398399795201,56961.3488840704,28480.575953715204,162182.33966592,173736.22951104,121049.5899648,1268572.6814208003,634197.4431744
GEdit/all_off,GEdit,all_off,ctxlen,2566,2566,1,1745425647589.5,3490.851295179,0.0002864630760356474,2905801.005627698,2905801.005627698,2214026.356426752,73894.80614801601,617879.8430529295,0.8324046944198261,10143719204.024982,13733119008.0,20021346565.5,10681314784.0,112916756288.0,54804082144.0,103817246400.0,157353504000.0,75463449600.0,797756467200.0,398878233600.0,6928.816802611201,8438.857924425594,5389.398399795201,56961.3488840704,28480.575953715204,162182.33966592,264514.8239193599,121049.58996480003,1268572.6814208,634197.4431744
GEdit/all_off,GEdit,all_off,ctxlen,3211,3211,1,1782695516250.0,3565.3910325,0.0002804741445986121,2970983.0312918816,2970983.0312918816,2254208.061407232,75320.561770496,641454.4081141537,0.8332839243185821,10592716257.477743,13733119008.0,24278543226.0,10681314784.0,112916756288.0,54804082144.0,103817246400.0,190366176000.0,75463449600.0,797756467200.0,398878233600.0,6928.816802611201,10392.227950809594,5389.398399795201,56961.3488840704,28480.575953715204,162182.33966592,320289.5058249599,121049.58996480003,1268572.6814208,634197.4431744
GEdit/all_off,GEdit,all_off,ctxlen,5648,5648,1,1924946704206.5,3849.893408413,0.0002597474511410484,3217560.7914291844,3217560.7914291844,2406026.37929472,80721.423686736,730812.9884477281,0.835753214465322,12387266082.088116,13733119008.0,41043631982.5,10681314784.0,112916756288.0,54804082144.0,103817246400.0,315852275200.0,75463449600.0,797756467200.0,398878233600.0,6928.816802611201,17772.771539152,5389.398399795201,56961.3488840704,28480.575953715204,162182.33966592,531036.48478272,121049.5899648,1268572.6814208,634197.4431744
GEdit/all_off,GEdit,all_off,ctxlen,7609,7609,1,2039218131389.0,4078.436262778,0.0002451920136956748,3415942.886867899,3415942.886867899,2528191.2218787842,85072.794831584,802678.8701575313,0.8375619151005567,13931705341.380608,13733119008.0,54428057565.0,10681314784.0,112916756288.0,54804082144.0,103817246400.0,416739276800.0,75463449600.0,797756467200.0,398878233600.0,6928.816802611201,23711.495755987187,5389.398399795201,56961.3488840704,28480.575953715204,162182.33966592,700625.5705680001,121049.5899648,1268572.6814207998,634197.4431744
GEdit/all_off,GEdit,all_off,ctxlen,8754,8754,1,2105732092339.5,4211.464184679,0.00023744711011384762,3531718.5569061073,3531718.5569061073,2599521.535371264,87598.185432688,844598.8361021552,0.8385963650730025,14873706212.77274,13733119008.0,62178082515.5,10681314784.0,112916756288.0,54804082144.0,103817246400.0,475503212800.0,75463449600.0,797756467200.0,398878233600.0,6928.816802611201,27178.92598339519,5389.398399795201,56961.3488840704,28480.575953715204,162182.33966592,799631.0181888001,121049.5899648,1268572.6814207998,634197.4431744
GEdit/all_off,GEdit,all_off,ctxlen,12018,12018,1,2298954698643.5,4597.909397287,0.00021749014902078124,3862518.9058402004,3862518.9058402004,2802859.6517376,94838.206665328,964821.047437272,0.8400598124269526,17759511974.357494,13733119008.0,87563850419.5,10681314784.0,112916756288.0,54804082144.0,103817246400.0,643340051200.0,75463449600.0,797756467200.0,398878233600.0,6928.816802611201,37063.784025968,5389.398399795201,56961.3488840704,28480.575953715204,162182.33966592,1081901.98781952,121049.5899648,1268572.6814208,634197.4431744
MMVet/all_on,MMVet,all_on,ctxlen,2566,2566,1,122675568613.5,245.351137227,0.0040757911754645566,80192.9524352496,80192.9524352496,2245.198678016,1641.109417136,76306.6443400976,0.3268497278713714,19675432.077499013,4522460544.0,20021346565.5,3517469312.0,66280279744.0,28334012448.0,0,0,0,0,0,1787.6319498239998,8438.857924425594,1390.6990698496004,29360.4988379136,14680.150930636803,0,0,0,0,0
MMVet/all_on,MMVet,all_on,ctxlen,3211,3211,1,126932765274.0,253.865530548,0.003939093258708171,82997.7617938336,82997.7617938336,2289.666154496,1685.7130156160001,79022.3826237216,0.32693592396995647,21070270.832088094,4522460544.0,24278543226.0,3517469312.0,66280279744.0,28334012448.0,0,0,0,0,0,1787.6319498239998,10392.227950809594,1390.6990698496004,29360.4988379136,14680.150930636803,0,0,0,0,0
MMVet/all_on,MMVet,all_on,ctxlen,7609,7609,1,157082279613.0,314.164559226,0.0031830452246544836,102346.9324668112,102346.9324668112,2592.8722964480003,1989.8571775040002,97764.2029928592,0.3257749146465183,32153778.926568925,4522460544.0,54428057565.0,3517469312.0,66280279744.0,28334012448.0,0,0,0,0,0,1787.6319498239998,23711.495755987187,1390.6990698496004,29360.4988379136,14680.150930636803,0,0,0,0,0
MMVet/all_on,MMVet,all_on,ctxlen,12018,12018,1,190218072467.5,380.436144935,0.0026285620157644497,122326.37930759201,122326.37930759201,2896.8367984640004,2294.469198448,117135.07331068,0.3215424741747759,46537376.16751453,4522460544.0,87563850419.5,3517469312.0,66280279744.0,28334012448.0,0,0,0,0,0,1787.6319498239998,37063.784025968,1390.6990698496004,29360.4988379136,14680.150930636803,0,0,0,0,0
MMVet/all_off,MMVet,all_off,ctxlen,2566,2566,1,212156618789.5,424.313237579,0.0023567494752360085,148630.3217224176,148630.3217224176,2433.455818752,2435.319229616,143761.5466740496,0.35028443272429227,63065813.012298755,13733119008.0,20021346565.5,10681314784.0,112916756288.0,54804082144.0,0,0,0,0,0,6928.816802611201,8438.857924425594,5389.398399795201,56961.3488840704,28480.575953715204,0,0,0,0,0
MMVet/all_off,MMVet,all_off,ctxlen,3211,3211,1,216413815450.0,432.8276309,0.0023103885440969893,151435.1310810016,151435.1310810016,2477.9232952320003,2479.922828096,146477.2849576736,0.349873992023372,65545309.02082088,13733119008.0,24278543226.0,10681314784.0,112916756288.0,54804082144.0,0,0,0,0,0,6928.816802611201,10392.227950809594,5389.398399795201,56961.3488840704,28480.575953715204,0,0,0,0,0
MMVet/all_off,MMVet,all_off,ctxlen,7609,7609,1,246563329789.0,493.126659578,0.0020278765720266757,170784.3017539792,170784.3017539792,2781.1294371840004,2784.066989984,165219.1053268112,0.34632948439682865,84218292.23230094,13733119008.0,54428057565.0,10681314784.0,112916756288.0,54804082144.0,0,0,0,0,0,6928.816802611201,23711.495755987187,5389.398399795201,56961.3488840704,28480.575953715204,0,0,0,0,0
MMVet/all_off,MMVet,all_off,ctxlen,12018,12018,1,279699122643.5,559.398245287,0.001787635210559069,190763.74859476002,190763.74859476002,3085.0939392,3088.679010928,184589.975644632,0.3410159938868407,106712906.22808841,13733119008.0,87563850419.5,10681314784.0,112916756288.0,54804082144.0,0,0,0,0,0,6928.816802611201,37063.784025968,5389.398399795201,56961.3488840704,28480.575953715204,0,0,0,0,0
GEdit/all_off,GEdit,all_off,batch,1,3254,1,1785521373469.5,3571.042746939,0.0002800302519081219,2975396.6046580593,2975396.6046580593,2256886.8417392643,75415.47727224001,643094.2856465552,0.8332010607292003,10625268464.328115,13733119008.0,24575843645.5,10681314784.0,112916756288.0,54804082144.0,103817246400.0,192894732800.0,75463449600.0,797756467200.0,398878233600.0,6928.816802611201,10522.317746147188,5389.398399795201,56961.3488840704,28480.575953715204,162182.33966592,324007.817952,121049.5899648,1268572.6814207998,634197.4431744
MMVet/all_on,MMVet,all_on,batch,1,3241,1,127169309589.0,254.338619178,0.003931766254106088,83136.0460591696,83136.0460591696,2291.734409216,1687.9085840960001,79156.4030658576,0.3268715003952525,21144707.1586078,4522460544.0,24515087541.0,3517469312.0,66280279744.0,28334012448.0,0,0,0,0,0,1787.6319498239998,10483.203353145595,1390.6990698496004,29360.4988379136,14680.150930636803,0,0,0,0,0
MMVet/all_off,MMVet,all_off,batch,1,3241,1,216650359765.0,433.30071953,0.0023078660037414594,151573.4153463376,151573.4153463376,2479.9915499520002,2482.118396576,146611.30539980961,0.34981113234879657,65676869.93118763,13733119008.0,24515087541.0,10681314784.0,112916756288.0,54804082144.0,0,0,0,0,0,6928.816802611201,10483.203353145595,5389.398399795201,56961.3488840704,28480.575953715204,0,0,0,0,0
GEdit/all_off,GEdit,all_off,batch,4,3254,4,6565799094294.0,13131.598188588,0.0003046087721048452,11499873.543550551,2874968.3858876377,9027547.366957057,294937.599343296,2177388.5772501985,0.8757405898654821,151011718593.47946,13744198944.0,98303374582.0,10689932512.0,113007857984.0,54812699872.0,415268985600.0,771578931200.0,301853798400.0,3191025868800.0,1595512934400.0,7415.264403456,42089.27098458882,5768.7025270784015,60934.26134548481,30466.73671946239,648729.35866368,1296031.271808,484198.35985920014,5074290.7256832,2536789.7726976
MMVet/all_on,MMVet,all_on,batch,4,3241,4,200833989300.0,401.6679786,0.009958473697459934,135578.645593888,33894.661398472,9166.937636864,2409.9540281600002,124001.75392886401,0.33753909402099397,54457600.517022796,4533540480.0,98060350164.0,3526087040.0,66371381440.0,28342630176.0,0,0,0,0,0,1956.3956256768001,41932.81341258241,1522.9156999168001,33333.41129932799,16666.311696384,0,0,0,0,0
MMVet/all_off,MMVet,all_off,batch,4,3241,4,290315039476.0,580.630078952,0.006889067833378084,204580.786303264,51145.196575816,9919.966199808001,3204.16384064,191456.65626281602,0.3523427285622529,118785758.10332642,13744198944.0,98060350164.0,10689932512.0,113007857984.0,54812699872.0,0,0,0,0,0,7415.264403456,41932.81341258241,5768.7025270784015,60934.26134548481,30466.73671946239,0,0,0,0,0
GEdit/all_off,GEdit,all_off,batch,16,3254,16,25686909977592.0,51373.819955184,0.0003114426767166159,45597781.29912011,2849861.331195007,36110189.46782823,1173026.08762752,8314565.743664372,0.8875684412585512,2342532206816.853,13788518688.0,393213498328.0,10724403424.0,113372264768.0,54847170784.0,1661075942400.0,3086315724800.0,1207415193600.0,12764103475200.0,6382051737600.0,9361.0548068352,168357.08393835527,7285.919036211201,76825.9111911424,38411.37978245121,2594917.43465472,5184125.087232,1936793.4394368,20297162.902732797,10147159.0907904
MMVet/all_on,MMVet,all_on,batch,16,3241,16,508993045904.0,1017.986091808,0.015717307072027977,348049.1112847616,21753.0694552976,36667.750547456,5298.135804416001,306083.22493288957,0.3418996723880647,354309154.5540221,4588016832.0,392241400656.0,3568457536.0,80211247424.0,28383923456.0,0,0,0,0,0,2631.450329088,167731.2536503296,2051.7822201855997,49225.06114498561,24610.9547593728,0,0,0,0,0
MMVet/all_off,MMVet,all_off,batch,16,3241,16,584973758320.0,1169.94751664,0.013675827139623134,416610.27013096964,26038.141883185603,39679.864799232004,6092.345616896,370838.05971484166,0.35609312743142746,487412150.9464475,13788518688.0,392241400656.0,10724403424.0,113372264768.0,54847170784.0,0,0,0,0,0,9361.0548068352,167731.25365032963,7285.919036211201,76825.9111911424,38411.37978245121,0,0,0,0,0
GEdit/all_off,GEdit,all_off,batch,64,3254,64,102545002756768.0,205090.005513536,0.00031205811243579097,182066383.60717708,2844787.243862142,144440757.87131292,4687621.477346304,32938004.258517865,0.887738937601036,37339995617825.5,40445921376.0,1572853993312.0,31457938848.0,332555353536.0,163833063296.0,6644303769600.0,12345262899200.0,4829660774400.0,51056413900800.0,25528206950400.0,17303.058382848,673428.3357534208,13478.3288213504,141698.5444876288,70842.9689913344,10379669.73861888,20736500.348928,7747173.757747202,81188651.6109312,40588636.3631616
MMVet/all_on,MMVet,all_on,batch,64,3241,64,1926921452960.0,3853.84290592,0.01660680042294608,1236436.6369456642,19319.322452276003,146671.002189824,18298.089678848002,1071467.5450769921,0.32083213227148877,4765032561.912629,13980570912.0,1568965602624.0,10873777376.0,223692622720.0,109408879328.0,0,0,0,0,0,5411.0901239808,670925.0146013184,4229.0201755648,113662.34980352,56824.87164928,0,0,0,0,0
MMVet/all_off,MMVet,all_off,batch,64,3241,64,2137257879680.0,4274.51575936,0.014972456203923875,1341699.49122048,20964.05455032,158719.45919692802,19886.509303808,1163093.5227197441,0.3138833886113372,5735115619.5472355,40445921376.0,1568965602624.0,31457938848.0,332555353536.0,163833063296.0,0,0,0,0,0,17303.058382848,670925.0146013184,13478.3288213504,141698.5444876288,70842.9689913344,0,0,0,0,0
