variant,axis,point,kv_cache_init,batch,total_cycles,seconds,throughput_req_per_s,energy_mJ,energy_per_req_mJ,compute_mJ,sram_mJ,dram_mJ,avg_power_W,edp_mJs,cyc:text/qkv,cyc:text/attn,cyc:text/omap,cyc:text/ffn_up,cyc:text/ffn_down,cyc:img/qkv,cyc:img/attn,cyc:img/omap,cyc:img/ffn_up,cyc:img/ffn_down,e_mJ:text/qkv,e_mJ:text/attn,e_mJ:text/omap,e_mJ:text/ffn_up,e_mJ:text/ffn_down,e_mJ:img/qkv,e_mJ:img/attn,e_mJ:img/omap,e_mJ:img/ffn_up,e_mJ:img/ffn_down
all_off,batch,1,3254,1,1785521373469.5,3571.042746939,0.0002800302519081219,2975396.6046580593,2975396.6046580593,2256886.8417392643,75415.47727224001,643094.2856465552,0.8332010607292003,10625268464.328115,13733119008.0,24575843645.5,10681314784.0,112916756288.0,54804082144.0,103817246400.0,192894732800.0,75463449600.0,797756467200.0,398878233600.0,6928.816802611201,10522.317746147188,5389.398399795201,56961.3488840704,28480.575953715204,162182.33966592,324007.817952,121049.5899648,1268572.6814207998,634197.4431744
only_T1,batch,1,3254,1,1652794563869.5,3305.589127739,0.00030251793594323473,2725645.8341815793,2725645.8341815793,2096275.6634480641,69868.51929624,559501.6514372752,0.8245567518691369,9009865235.535,13733119008.0,24575843645.5,10681314784.0,112916756288.0,54804082144.0,103817246400.0,60167923200.0,75463449600.0,797756467200.0,398878233600.0,6928.816802611201,10522.317746147188,5389.398399795201,56961.3488840704,28480.575953715204,162182.33966592,100802.40939552001,121049.5899648,1268572.6814207998,634197.4431744
only_T2,batch,1,3254,1,1453122845469.5,2906.245690939,0.00034408653167822945,2386362.203337099,2386362.203337099,1757571.2558960642,59068.464766640005,569722.4826743953,0.8211150938745626,6935354870.465755,13733119008.0,24575843645.5,10681314784.0,112916756288.0,54804082144.0,103817246400.0,192894732800.0,75463449600.0,465357939200.0,398878233600.0,6928.816802611201,10522.317746147188,5389.398399795201,56961.3488840704,28480.575953715204,162182.33966592,324007.817952,121049.5899648,746017.98569984,634197.4431744
only_T3,batch,1,3254,1,1119348753629.5,2238.697507259,0.00044668830726683246,2143067.220704344,2143067.220704344,1667460.619044864,46531.596238512,429075.00542096805,0.9572830691758862,4797679244.877146,13733119008.0,24575843645.5,10681314784.0,66280279744.0,28334012448.0,103817246400.0,192894732800.0,75463449600.0,402379084800.0,201189542400.0,6928.816802611201,10522.317746147188,5389.398399795201,29360.498837913594,14680.150930636813,162182.33966592,324007.817952,121049.5899648,830110.2914764801,414966.24820224004
noT1,batch,1,3254,1,844888987293.5,1689.777974587,0.000591793723814166,1548035.0632134513,1548035.0632134513,1164470.627862528,34101.144067760004,349463.2912831632,0.9161174346545284,2615835553.704936,4522460544.0,24575843645.5,3517469312.0,66280279744.0,28334012448.0,50790499200.0,192894732800.0,38062886400.0,234721132800.0,201189542400.0,1787.6319498239998,10522.317746147195,1390.6990698496004,29360.4988379136,14680.150930636803,57818.314874879994,324007.817952,42402.39489024,482121.19130112004,414966.2482022401
noT2,batch,1,3254,1,879820129693.5,1759.640259387,0.0005682979771947061,1679804.9833123314,1679804.9833123314,1336736.5068001281,36774.13166616,306294.3448460432,0.9546297740985273,2955852476.5536065,4522460544.0,24575843645.5,3517469312.0,66280279744.0,28334012448.0,50790499200.0,60167923200.0,38062886400.0,402379084800.0,201189542400.0,1787.6319498239998,10522.317746147195,1390.6990698496004,29360.4988379136,14680.150930636803,57818.314874879994,100802.40939552001,42402.39489024,830110.2914764801,414966.2482022401
noT3,batch,1,3254,1,1213594221533.5,2427.188443067,0.0004119993249211413,1923099.9659450867,1923099.9659450867,1426847.143651328,49311.000194288004,446941.8220994705,0.7923158877255717,4667726012.202533,4522460544.0,24575843645.5,3517469312.0,112916756288.0,54804082144.0,50790499200.0,60167923200.0,38062886400.0,465357939200.0,398878233600.0,1787.6319498239998,10522.317746147188,1390.6990698496004,56961.348884070394,28480.57595371521,57818.31487487999,100802.40939552001,42402.39489024,746017.9856998401,634197.4431744
all_on,batch,1,3254,1,712162177693.5,1424.324355387,0.0007020872712158967,1298284.2927369713,1298284.2927369713,1003859.449571328,28554.186091760002,265870.6570738832,0.9115088763508007,1849177938.3603556,4522460544.0,24575843645.5,3517469312.0,66280279744.0,28334012448.0,50790499200.0,60167923200.0,38062886400.0,234721132800.0,201189542400.0,1787.6319498239998,10522.317746147195,1390.6990698496004,29360.4988379136,14680.150930636803,57818.314874879994,100802.40939552001,42402.39489024,482121.19130112004,414966.2482022401
all_off,batch,4,3254,4,6565799094294.0,13131.598188588,0.0003046087721048452,11499873.543550551,2874968.3858876377,9027547.366957057,294937.599343296,2177388.5772501985,0.8757405898654821,151011718593.47946,13744198944.0,98303374582.0,10689932512.0,113007857984.0,54812699872.0,415268985600.0,771578931200.0,301853798400.0,3191025868800.0,1595512934400.0,7415.264403456,42089.27098458882,5768.7025270784015,60934.26134548481,30466.73671946239,648729.35866368,1296031.271808,484198.35985920014,5074290.7256832,2536789.7726976
only_T1,batch,4,3254,4,6034891855894.0,12069.783711788,0.0003314061043275684,10500870.46164463,2625217.6154111577,8385102.6537922565,272749.767439296,1843018.0404130786,0.8700131429355203,126743235257.5541,13744198944.0,98303374582.0,10689932512.0,113007857984.0,54812699872.0,415268985600.0,240671692800.0,301853798400.0,3191025868800.0,1595512934400.0,7415.264403456,42089.27098458882,5768.7025270784015,60934.26134548481,30466.73671946239,648729.35866368,403209.63758208003,484198.35985920014,5074290.7256832,2536789.7726976
only_T2,batch,4,3254,4,5236204982294.0,10472.409964588,0.0003819560171465619,9143735.938266711,2285933.984566678,7030285.023584257,229549.549320896,1883901.3653615583,0.8731262402050585,95756951353.46571,13744198944.0,98303374582.0,10689932512.0,113007857984.0,54812699872.0,415268985600.0,771578931200.0,301853798400.0,1861431756800.0,1595512934400.0,7415.264403456,42089.27098458882,5768.7025270784015,60934.26134548481,30466.73671946239,648729.35866368,1296031.271808,484198.35985920014,2984071.9427993596,2536789.7726976
only_T3,batch,4,3254,4,4120428253654.0,8240.856507308,0.00048538643968048655,8338623.760687397,2084655.9401718492,6669842.476179456,181361.12607916803,1487420.1584287717,1.0118637247587912,68717401880.253845,13744198944.0,98303374582.0,10689932512.0,66371381440.0,28342630176.0,415268985600.0,771578931200.0,301853798400.0,1609516339200.0,804758169600.0,7415.264403456,42089.27098458881,5768.7025270784015,33333.411299328,16666.311696384,648729.35866368,1296031.271808,484198.3598592,3320441.1659059203,1659864.99280896
noT1,batch,4,3254,4,3071712700118.0,6143.425400236,0.0006511025591433632,5995174.714211415,1498793.6785528536,4657882.511450112,132062.895962816,1205229.3067984865,0.9758683997336581,36830908618.13901,4533540480.0,98303374582.0,3526087040.0,66371381440.0,28342630176.0,203161996800.0,771578931200.0,152251545600.0,938884531200.0,804758169600.0,1956.3956256768001,42089.27098458882,1522.9156999168001,33333.41129932799,16666.311696384,231273.25949951998,1296031.271808,169609.57956096,1928484.7652044797,1659864.9928089601
noT2,batch,4,3254,4,3211437269718.0,6422.874539436,0.0006227741139018488,6522254.394606935,1630563.5986517337,5346946.027200513,142754.846356416,1032553.5210500066,1.015472800310943,41891621690.84544,4533540480.0,98303374582.0,3526087040.0,66371381440.0,28342630176.0,203161996800.0,240671692800.0,152251545600.0,1609516339200.0,804758169600.0,1956.3956256768001,42089.27098458882,1522.9156999168001,33333.41129932799,16666.311696384,231273.25949951998,403209.63758208003,169609.57956096,3320441.16590592,1659864.9928089601
noT3,batch,4,3254,4,4327213998358.0,8654.427996716,0.00046219114671909405,7327366.57218625,1831841.6430465626,5707388.574605312,190943.26959814402,1429034.7279827937,0.84666098960748,63414166404.52964,4533540480.0,98303374582.0,3526087040.0,113007857984.0,54812699872.0,203161996800.0,240671692800.0,152251545600.0,1861431756800.0,1595512934400.0,1956.3956256768001,42089.2709845888,1522.9156999168001,60934.2613454848,30466.736719462402,231273.25949952003,403209.6375820805,169609.57956096,2984071.94279936,2536789.7726976
all_on,batch,4,3254,4,2540805461718.0,5081.610923436,0.0007871519603266568,4996171.6323054945,1249042.9080763736,4015437.798285312,109875.064058816,870858.7699613664,0.9831865736244255,25388600342.08467,4533540480.0,98303374582.0,3526087040.0,66371381440.0,28342630176.0,203161996800.0,240671692800.0,152251545600.0,938884531200.0,804758169600.0,1956.3956256768001,42089.27098458882,1522.9156999168001,33333.41129932799,16666.311696384,231273.25949951998,403209.63758208003,169609.57956096,1928484.7652044802,1659864.9928089601
all_off,batch,16,3254,16,25686909977592.0,51373.819955184,0.0003114426767166159,45597781.29912011,2849861.331195007,36110189.46782823,1173026.08762752,8314565.743664372,0.8875684412585512,2342532206816.853,13788518688.0,393213498328.0,10724403424.0,113372264768.0,54847170784.0,1661075942400.0,3086315724800.0,1207415193600.0,12764103475200.0,6382051737600.0,9361.0548068352,168357.08393835527,7285.919036211201,76825.9111911424,38411.37978245121,2594917.43465472,5184125.087232,1936793.4394368,20297162.902732797,10147159.0907904
only_T1,batch,16,3254,16,23563281023992.0,47126.562047984,0.0003395112926699149,41601768.97149643,2600110.560718527,33540410.615169026,1084274.76001152,6977083.5963158915,0.8827668975542443,1960548346741.1223,13788518688.0,393213498328.0,10724403424.0,113372264768.0,54847170784.0,1661075942400.0,962686771200.0,1207415193600.0,12764103475200.0,6382051737600.0,9361.0548068352,168357.08393835527,7285.919036211201,76825.9111911424,38411.37978245121,2594917.43465472,1612838.5503283201,1936793.4394368,20297162.902732797,10147159.0907904
only_T2,batch,16,3254,16,20368533529592.0,40737.067059184,0.00039276268899660186,36173230.877984755,2260826.929874047,28121140.094337028,911473.88753792,7140616.896109811,0.8879684643332625,1473591332023.8103,13788518688.0,393213498328.0,10724403424.0,113372264768.0,54847170784.0,1661075942400.0,3086315724800.0,1207415193600.0,7445727027200.0,6382051737600.0,9361.0548068352,168357.08393835527,7285.919036211201,76825.9111911424,38411.37978245121,2594917.43465472,5184125.087232,1936793.4394368,11936287.77119744,10147159.0907904
only_T3,batch,16,3254,16,16138228535320.0,32276.45707064,0.0004957173572360351,33123546.376932804,2070221.6485583002,26679369.904717825,720679.2454417921,5723497.226773185,1.0262448045161483,1069110722662.4247,13788518688.0,393213498328.0,10724403424.0,80211247424.0,28383923456.0,1661075942400.0,3086315724800.0,1207415193600.0,6438065356800.0,3219032678400.0,9361.0548068352,168357.0839383552,7285.919036211201,49225.06114498559,24610.95475937282,2594917.43465472,5184125.087232,1936793.4394368,13281764.663623681,6639459.971235841
noT1,batch,16,3254,16,11992507889176.0,23985.015778352,0.0006670831550772219,23786433.38575487,1486652.0866096793,18631530.045800447,523909.90354304004,4630993.436411379,0.99172056443772,570517980068.0493,4588016832.0,393213498328.0,3568457536.0,80211247424.0,28383923456.0,812647987200.0,3086315724800.0,609006182400.0,3755538124800.0,3219032678400.0,2631.450329088,168357.08393835524,2051.7822201855997,49225.06114498561,24610.9547593728,925093.03799808,5184125.087232001,678438.31824384,7713939.060817921,6639459.971235841
noT2,batch,16,3254,16,12551406167576.0,25102.812335152,0.0006373787839538146,25894752.10733695,1618422.0067085593,21387784.10880205,566677.7051174401,3940290.2934174594,1.031547850559994,650031102615.7612,4588016832.0,393213498328.0,3568457536.0,80211247424.0,28383923456.0,812647987200.0,962686771200.0,609006182400.0,6438065356800.0,3219032678400.0,2631.450329088,168357.08393835524,2051.7822201855997,49225.06114498561,24610.9547593728,925093.03799808,1612838.550328321,678438.31824384,13281764.663623681,6639459.971235841
noT3,batch,16,3254,16,16781711161848.0,33563.422323696,0.000476709432241178,28944436.608388904,1809027.2880243065,22829554.29842125,757472.347213568,5357409.9627540875,0.862380371382865,971474349808.804,4588016832.0,393213498328.0,3568457536.0,113372264768.0,54847170784.0,812647987200.0,962686771200.0,609006182400.0,7445727027200.0,6382051737600.0,2631.450329088,168357.0839383552,2051.7822201855997,76825.91119114241,38411.37978245121,925093.0379980801,1612838.5503283201,678438.31824384,11936287.771197442,10147159.0907904
all_on,batch,16,3254,16,9868878935576.0,19737.757871152,0.000810629054447214,19790421.05813119,1236901.3161331993,16061751.193141248,435158.57592704,3293511.289062899,1.0026681443415697,390618539013.54114,4588016832.0,393213498328.0,3568457536.0,80211247424.0,28383923456.0,812647987200.0,962686771200.0,609006182400.0,3755538124800.0,3219032678400.0,2631.450329088,168357.08393835524,2051.7822201855997,49225.06114498561,24610.9547593728,925093.03799808,1612838.550328321,678438.31824384,7713939.060817921,6639459.971235841
all_off,batch,64,3254,64,102545002756768.0,205090.005513536,0.00031205811243579097,182066383.60717708,2844787.243862142,144440757.87131292,4687621.477346304,32938004.258517865,0.887738937601036,37339995617825.5,40445921376.0,1572853993312.0,31457938848.0,332555353536.0,163833063296.0,6644303769600.0,12345262899200.0,4829660774400.0,51056413900800.0,25528206950400.0,17303.058382848,673428.3357534208,13478.3288213504,141698.5444876288,70842.9689913344,10379669.73861888,20736500.348928,7747173.757747202,81188651.6109312,40588636.3631616
only_T1,batch,64,3254,64,94050486942368.0,188100.973884736,0.00034024278916927744,166082334.29668236,2595036.473385662,134161642.4606761,4332616.1668823045,27588075.669123944,0.8829424477007429,31240248826256.242,40445921376.0,1572853993312.0,31457938848.0,332555353536.0,163833063296.0,6644303769600.0,3850747084800.0,4829660774400.0,51056413900800.0,25528206950400.0,17303.058382848,673428.3357534208,13478.3288213504,141698.5444876288,70842.9689913344,10379669.73861888,6451354.2013132805,7747173.757747202,81188651.6109312,40588636.3631616
only_T2,batch,64,3254,64,81271496964768.0,162542.993929536,0.0003937419783700098,144368181.9226356,2255752.8425411815,112484560.37734811,3641412.676987904,28242208.868299622,0.888184586935938,23466036517869.11,40445921376.0,1572853993312.0,31457938848.0,332555353536.0,163833063296.0,6644303769600.0,12345262899200.0,4829660774400.0,29782908108800.0,25528206950400.0,17303.058382848,673428.3357534208,13478.3288213504,141698.5444876288,70842.9689913344,10379669.73861888,20736500.348928,7747173.757747202,47745151.08478975,40588636.3631616
only_T3,batch,64,3254,64,64425487131584.0,128850.974263168,0.0004966978353557888,132308036.75545938,2067313.0743040529,106717479.6188713,2879540.142517248,22711016.99407084,1.026829929009544,17048019438787.982,40445921376.0,1572853993312.0,31457938848.0,223692622720.0,109408879328.0,6644303769600.0,12345262899200.0,4829660774400.0,25752261427200.0,12876130713600.0,17303.058382848,673428.335753421,13478.3288213504,113662.34980352,56824.87164928,10379669.73861888,20736500.348928,7747173.7577472,53127058.654494725,26557839.88494336
noT1,batch,64,3254,64,47860980826048.0,95721.961652096,0.0006686030968797912,94989973.73482609,1484218.3396066576,74526120.18320179,2092745.1606333442,18371108.39099095,0.9923529783067928,9092626623178.629,13980570912.0,1572853993312.0,10873777376.0,223692622720.0,109408879328.0,3250591948800.0,12345262899200.0,2436024729600.0,15022152499200.0,12876130713600.0,5411.0901239808,673428.3357534208,4229.0201755648,113662.34980352,56824.87164928,3700372.1519923196,20736500.348927993,2713753.27297536,30855756.243271682,26557839.884943362
noT2,batch,64,3254,64,50096573939648.0,100193.147879296,0.0006387662365604247,103423248.62115441,1615988.2597055377,85551136.4352082,2263816.366930944,15608295.81901527,1.0322387389779364,10362300843256.52,13980570912.0,1572853993312.0,10873777376.0,223692622720.0,109408879328.0,3250591948800.0,3850747084800.0,2436024729600.0,25752261427200.0,12876130713600.0,5411.0901239808,673428.3357534208,4229.0201755648,113662.34980352,56824.87164928,3700372.1519923196,6451354.2013132805,2713753.27297536,53127058.65449472,26557839.884943362
noT3,batch,64,3254,64,66942583772832.0,133885.167545664,0.0004780215850136769,115483393.78833066,1804428.0279426666,91318217.193685,3025688.9014016003,21139487.693244062,0.8625555459602567,15461513526092.545,13980570912.0,1572853993312.0,10873777376.0,332555353536.0,163833063296.0,3250591948800.0,3850747084800.0,2436024729600.0,29782908108800.0,25528206950400.0,5411.0901239808,673428.335753421,4229.0201755648,141698.54448762882,70842.9689913344,3700372.1519923205,6451354.2013132805,2713753.27297536,47745151.08478977,40588636.3631616
all_on,batch,64,3254,64,39366465011648.0,78732.930023296,0.0008128746127073294,79005924.42433137,1234467.5691301776,64247004.77256499,1737739.850169344,13021179.801597029,1.0034673471564515,6220367919126.693,13980570912.0,1572853993312.0,10873777376.0,223692622720.0,109408879328.0,3250591948800.0,3850747084800.0,2436024729600.0,15022152499200.0,12876130713600.0,5411.0901239808,673428.3357534208,4229.0201755648,113662.34980352,56824.87164928,3700372.1519923196,6451354.2013132805,2713753.27297536,30855756.243271682,26557839.884943362
